holidayInfo,hoursDetails,info,menuInfo,one_info,address,title
연중무휴,영업시간:매일 11:00 ~ 22:30/저녁 LO:매일 21:40 ~ :,"이태원시장 거리에 위치한 미국식 훈제 바비큐 요리 전문점. 주메뉴로는 코울슬로, 후렌치 후라이, 미니 버거 번 3개가  제공되는  풀드 포크 플래터, 브리스킷 플래터와 2인용 플래터, 4인용 플래터 등이 있습니다. 그 밖에 베이비 백 립, 스페어 립, 풀드 포크 샌드위치 등이 있으며 베이컨 감자 샐러드 등의 사이드 메뉴가 있습니다. 매장은 외부석이 있으며 캠핑장 같은 분위기이며 식사시간에는 웨이팅이 생길 수 있습니다. 월-금 런치, 월-목 디너 예약이 가능하니 참고하면 좋습니다.","2인용 플래터:33000,4인용 플래터(베이비백 립):74000,풀드포크 샌드위치:7900,풀드포크 플래터:15000,브리스킷 샌드위치:10900,브리스킷 플래터:19000",바비큐 플래터에 마시는 시원한 맥주,서울특별시 용산구 이태원로 136-13,라이너스바베큐
정기휴무-매주(일),영업시간:매일 17:00 ~ 01:00,"신선한 연어를 취급하는 전문 이자카야입니다. 메뉴로는 연어 사시미, 연어 샐러드, 연어 타다끼, 생 연어 초밥, 연어 덮밥 등 다양한 연어 요리와 간사이 스지 오뎅탕, 모찌리 도후 등의 사이드 메뉴가 있습니다. 허브와 히말라야 소금이 들어간 특제소스를 이용하여 자체 개발한 숙성법으로 숙성된 연어 사시미가 인기메뉴입니다. 연어 덕후들에게 꼭 추천하는 맛집입니다.","연어사시미(중):24000,생연어초밥:19000,연어토마토 스파이시 샐러드:19000,연어사시미 대:33000,연어 타다키:21000",두툼한 연어 사시미가 인기인 곳,서울특별시 강남구 압구정로2길 60,신사연어
"연휴-설날 전일,연휴-추석 익일,연휴-설날 대체공휴일,연휴-설날 전체,연휴-추석 당일,연휴-설날 익일,연휴-추석 전일,연휴-설날 당일,연휴-추석 대체공휴일,연휴-추석 전체",영업시간:매일 10:00 ~ 23:00,1964년 동두천에서 시작되어 지금의 암사동까지 이르게된 이북음식 전문점입니다. 막국수는 직접 메밀을 빻고 면을 뽑아 메밀 특유의 풍미를 고스란히 느낄 수 있습니다. 인기메뉴인 떡갈비는 20여가지 재료를 넣어 고급스러운 맛을 느낄 수 있습니다.,"평안냉면 (물 / 비빔):9000,소 떡갈비:19000,소 매운떡갈비:19000,돼지떡갈비:11000,떡만두국:10000,반반떡갈비:15000,보따리만두:8000",오랜 역사의 이북음식 전문점,서울특별시 강동구 올림픽로 803,동신면가
정기휴무-매주(일),영업시간:매일 12:00 ~ 23:00,더현대 서울에서 새롭게 문을 연 '리스토란테 에오'는 어윤권 셰프의 컨템포러리 이태리 레스토랑으로 코스메뉴로만 운영됩니다. 소금이나 후추 등 맛이 강한 조미료의 사용을 최대한 줄이고 재료가 가진 본래의 맛을 살려내어 미각에 기대 이상의 즐거움을 선사합니다.,"점심코스(VAT포함):45000,디너코스(VAT포함):98000",재료 본연의 맛을 살린 이탈리안 식당,서울특별시 영등포구 여의대로 108 파크원,리스토란테 에오
연중무휴,영업시간:매일 11:00 ~ 23:00,"짝을 이루는 것들의 색다른 조화를 추구하는 ‘페어링룸’입니다. 청담에 위치한 이곳은 테이스팅룸과 멜팅샵을 성공시킨 건축가와 디자이너 부부의 세 번째 공간입니다. 독특한 식감의 넓은 면을 고소한 메주 소스로 버무리고 후추로 마무리한 ‘항정살 페퍼 메주 파스타’가 대표 메뉴입니다. 외에도 ‘발사믹 관자와 감자퓨레’, ‘보리굴비 녹차 리조또’ 등이 인기입니다.","항정살 패퍼 메주 파스타:28000,발사믹 관자와 감자 퓨레:31000,리코타 올리브 깜빠뉴:18500,스파이시 성게알 파스타:31300,새우 스깜피 알리오 올리오:26000",항정살 파스타가 인기인 퓨전 레스토랑,서울특별시 강남구 도산대로81길 14,페어링룸
"연휴-설날 전일,연휴-추석 익일,연휴-설날 대체공휴일,연휴-설날 전체,연휴-추석 당일,연휴-설날 익일,연휴-추석 전일,연휴-설날 당일,연휴-추석 대체공휴일,연휴-추석 전체","영업시간:일 11:30 ~ 22:00/영업시간:월,화,수,목,금,토 11:30 ~ 04:00","베트남 쌀국수 체인점으로, 쌀국수가 유행하기 전부터 베트남 요리를 국내에 소개한 음식점이라고 합니다. 정통 베트남 요리를 지향하며, 인기메뉴는 퍼보(소소기가 들어간 쌀국수)와 해산물 볶음밥입니다. 볶음밥, 덮밥, 스프링롤, 짜죠 등 국물이 없는 메뉴는 포장도 가능하다고 합니다.","꼼징능주:11500,고이꾸온:8500,짜죠:8500",현지의 맛을 살린 베트남 음식점,서울특별시 강남구 언주로174길 26,리틀사이공압구정점
연중무휴,영업시간:매일 11:30 ~ 22:00/휴식:매일 15:00 ~ 17:30,홍콩에서 온 세 사람의 경험 많은 조리사들이 70여 가지의 정통 광동요리를 선보이는 곳입니다. 모던한 분위기 속에서 새로운 맛을 경험할 수 있습니다. 현지의 맛 그대로 제공하여 이색적인 외식 명소로 자리잡고 있습니다.,"광동식 생선찜:50000,다진 마늘 튀긴 새우:40000,가지와 다진 돼지고기 냄비:25000,광동식 구운 통닭:30000",70여 가지의 정통 광동요리 전문점,서울특별시 강남구 논현로175길 107,채운
"정기휴무-매주(목,일)",영업시간:주중 11:30 ~ 21:30/휴식:주중 14:30 ~ 18:00,"아담한 스시집 하쯔호입니다. 따로 테이블은 없으며 다찌로 구성되 있습니다. 메뉴는 오로지 런치, 디너로 정해져 있습니다. 가성비가 아주 좋다는 평을 받고 있으며 다양한 스시와 사시미, 주방장 오마카세를 맛볼 수 있는 곳입니다.","스시 런치:45000,오마카세 런치:70000,스시 디너:70000,오마카세 디너:100000",아담한 공간 가성비 최고 스시집,서울특별시 영등포구 여의동로 213,하쯔호
,영업시간:매일 12:00 ~ 22:00/휴식:매일 15:30 ~ 17:00,"어릴때부터 양반집을 돌아다니며 전통 음식을 배운 주인이 운영하는 한식당입니다. 이 집의 대표 메뉴는 간장게장인데, 7년 동안 숙성시켜 불순물과 텁텁한 맛을 없앴고, 약재를 넣어 달인 간장을 사용하며, 꽃게는 서산에서 잡은 것만 쓴다고 합니다.","간장게장(중):55000,갈비찜:28000,장어구이:30000",직접 담근 숙성 간장으로 만든 게장,서울특별시 종로구 북촌로 20-7,큰기와집
"연휴-설날 전일,연휴-추석 익일,연휴-설날 대체공휴일,연휴-설날 전체,연휴-추석 당일,연휴-설날 익일,연휴-추석 전일,연휴-설날 당일,연휴-추석 대체공휴일,연휴-추석 전체",영업시간:매일 11:30 ~ 21:00,"정갈한 느낌이 살아있는 한식집입니다. 붉은 벽돌로 둥글게 쌓아올린 입구를 지나 돌계단을 통해 지하로 내려가면 온돌방의 소박한 공간이 나타납니다. 가야금 산조가 들리는 온돌에 앉아 걸쭉한 들깨 국물로 맛을 낸 들깨 수제비와 나물을 넣은 곤드레 솥밥, 시원한 얼음육수와 김치로 맛을 낸 묵사발, 바싹 불고기 등을 맛볼 수 있습니다. 저녁에는 생선구이, 김치 부추전 등을 안주 삼아 술을 먹는 손님들도 많다고 합니다. 일요일은 예약을 받지 않습니다.","바싹불고기정식:19000,고등어구이:14000",곤드레 솥밥과 묵사발이 맛있는 곳,서울특별시 강남구 언주로165길 7-4,장사랑
연중무휴,영업시간:매일 11:00 ~ 22:00/저녁 LO:매일 21:00 ~ :,"이탈리아 요리 기관 ICIF 출신 셰프가 운영하는 스테이크 전문점 'Just Steak'입니다. 가게 내부는 모노톤으로 칠해져 있고 각기 다른 모양의 앤티크 가구로 차분하게 꾸며져 있습니다. 온도, 습도 등 조건을 맞춰 3주간 숙성시킨 드라이 에이징 방식으로 만든 티본스테이크가 대표 메뉴입니다. 이 외에도 오늘의 파스타, 애피타이저 등이 준비되어 있습니다.","T-Bone Steak (100g):17300,L-Bone Steak (100g):17300,그릴에 구운 야채:9900,볼로네제:20000",드라이에이징 방식의 티본 스테이크,서울특별시 강남구 언주로152길 11-7,Just Steak
"연휴-설날 전일,연휴-추석 익일,연휴-설날 대체공휴일,연휴-설날 전체,연휴-추석 당일,연휴-설날 익일,연휴-추석 전일,연휴-설날 당일,연휴-추석 대체공휴일,연휴-추석 전체",영업시간:매일 00:00 ~ 00:00,40년이 넘도록 순대국밥을 말아 내는 곳으로 3대째 이어져 내려 온 한식당입니다. 오래된 전통을 이어온 만큼 깊고 진한 맛의 육수가 일품입니다. 뒤끝없이 깔끔한 맛으로 해장에도 좋습니다.,"순대국:7000,따로국밥:8000,술국:13000",오랜 전통의 내장이 푸짐한 순대국집,경기도 수원시 팔달구 매산로 1-8,아다미식당
,영업시간:매일 11:30 ~ 20:30,오솔길이 깔려 있는 입구의 푸른 정원이 인상적인 한정식 전문점입니다. 식물들을 가지런히 심어둔 것이 한정식 전문점의 정갈한 분위기와 어울리는 곳입니다. 주말이나 식사시간에는 예약을 하고 가지 않으면 오래 기다려야 한다고 합니다. 15명부터 예약가능합니다.,"소담골정식:36000,한정식코스(A~C):15000",입구의 정원이 인상적인 한정식 전문점,경기도 용인시 수지구 이종무로170번길 12,소담골
정기휴무-매주(화),영업시간:매일 07:00 ~ 17:00,"직접 간을 해서 직접 만든 순두부 백반과 두부찌개, 두 가지 요리가 준비되어 있습니다. 잘 익은 묵은지와 신선한 버섯, 부드러운 두부의 맛이 잘 어우러지는 두부찌개가 인기인 곳입니다. 초당 두부 요리 전문점이 밀집해 있는 강릉고등학교 인근에 자리 잡고 있습니다.  ",두부찌개:9000,고소한 두부찌개가 인기인 한식당,강원도 강릉시 초당순두부길77번길 16,고분옥할머니순두부
연중무휴,영업시간:매일 08:30 ~ 20:30,"속초 중앙시장 근처에 위치한 생선구이 전문점 '88생선구이'. 불판에 생선을 올려놓고 직접 구워 먹을 수 있는 곳으로 싱싱한 생선과 해산물을 즐길 수 있는 곳입니다. 고등어부터 꽁치, 오징어, 가자미, 메로, 새치, 황열갱이, 도루묵, 삼치, 청어 등 열 가지의 다양한 생선을 모두 맛볼 수 있는 '생선구이 모듬정식'이 이곳의 단일 메뉴입니다. 생선은 모두 구워주므로 편하게 식사할 수 있으며 2인분 이상만 주문 가능하니 참고 바랍니다.",생선구이 모듬정식:15000,바삭하게 구워 고소한 생선구이 전문점,강원도 속초시 중앙부두길 71,88생선구이
"연휴-설날 전일,연휴-추석 익일,연휴-설날 대체공휴일,연휴-설날 전체,연휴-추석 당일,연휴-설날 익일,연휴-추석 전일,연휴-설날 당일,연휴-추석 대체공휴일,연휴-추석 전체",영업시간:매일 11:30 ~ 22:00,"염창동에 위치한 ‘유림’은 한방오리, 토종닭 등으로 조리하는 보양음식 전문점입니다. 천막 아래 준비된 야외 공간과 개별 방으로 이루어진 실내공간으로 계곡가 산장에 놀러 온 기분을 느낄 수 있습니다. 대표 메뉴는 토종닭을 사용해 푸짐한 양을 자랑하는 ‘토종 닭볶음탕’입니다. 길쭉하게 썰린 대파가 듬뿍 올라간 ‘닭볶음탕’은 토종닭 특유의 탄력있는 식감과 뛰어난 육향을 맛볼 수 있습니다. 푹 잘 익은 닭고기는 질깃하지 않으며 뼈가 잘 분리될 정도입니다. 달짝지근한 매운맛의 양념은 잡곡과 찹쌀을 넣어 지은 ‘찰밥’에 비벼 먹는 별미가 있습니다.","토종 닭도리탕:45000,토종닭백숙:45000,토종한방오리:50000,구이:25000,수육:23000",부들부들한 토종 닭볶음탕 맛집,서울특별시 강서구 양천로61길 90,유림
"연휴-설날 전일,연휴-추석 익일,연휴-설날 대체공휴일,연휴-설날 전체,연휴-추석 당일,연휴-설날 익일,연휴-추석 전일,연휴-설날 당일,연휴-추석 대체공휴일,연휴-추석 전체",영업시간:매일 11:00 ~ 21:00,"가재울역 2번 출구 인근에 위치한 간장 게장 전문점 '학운정'. 간장 게장과 산채 보리밥을 함께 즐기는 조합을 만나볼 수 있습니다. 대표 메뉴인 '간장 게장'은 큼직한 크기와 꽉 찬 알을 자랑합니다. 게 딱지의 내장과 알을 긁어, 밥과 함께 비벼 먹으면 진한 감칠맛을 느낄 수 있습니다. 낙지 한 마리가 통째로 들어가는 '꽃게탕'도 인기 메뉴. 기본찬과 밥은 리필이 가능하며 초등학생부터 인원수대로 주문을 받으니 참고하면 좋습니다.","간장게장 한마리:30000,갈치조림:17000,산채보리밥:9000",간장게장과 산채보리밥 전문점,인천광역시 서구 열우물로208번길 12,학운정
연중무휴,영업시간:매일 00:00 ~ 00:00,전주 콩나물국밥으로 유명한 콩나물국밥 전문점의 본점입니다. 메뉴로는 끓이지 않고 말아내어 수란을 함께 제공하는 방식인 전주남부시장식 콩나물국밥과 계란을 뚝배기 속에 넣고 끓이는식의 콩나물국밥이 있습니다. 콩나물 국밥에는 삶아 썰은 오징어를 추가할 수 있습니다.,"전주남부시장식콩나물국밥[토렴응용식]:7000,전주끓이는식콩나물국밥[전통직화식]:7000,전주끓이는식콩나물국밥[매운탕식]:7000,전주끓이는식콩나물국밥[맑은탕식]:7000,오징어사리:2000,얼큰돼지국밥:9000,현대옥순한두부찌개:8000,황태콩나물국밥:8000,수육국밥:9000,현대옥콩나물밥:9000,곤드레밥:9000,오징어튀김한접시:8000,아귀순살튀김한접시:10000,고추군만두튀김한접시:6000,순대모둠한접시:8000,머릿고기편육한접시:8000,콩불고기:9000,바싹불고기한접시:15000,불주꾸미볶음한접시:17000,큰오징어데침한접시:10000,현대옥햄볶음밥:7000,현대옥새우볶음밥:7000,현대옥스테이크:8000,어린이콩나물국밥:6000",전주식의 시원한 콩나물 국밥 전문점,전라북도 전주시 완산구 화산천변2길 7-4,현대옥 전주본점
정기휴무-매주(일),영업시간:매일 18:00 ~ 22:00/저녁 LO:매일 21:00 ~ :,두툼한 돔베고기 오겹살이 인기메뉴인 맛집입니다. 부드러우면서 쫄깃한 수육고기와 갈치젓이 함께 나오는게 특징입니다.돔베고기는 1시간전에 예약 필수입니다. 몸국이 무한서비스로 나오기 때문에 푸짐한 한끼를 즐길 수 있습니다. 한번 맛 보면 다시 찾을 수 밖에 없는 매력이 있는 집입니다.,"돔베고기백돼지오겹:38000,돔베고기흑돼지오겹:54000",부드러운 돔베고기 맛집,제주특별자치도 서귀포시 중앙로41번길 4,천짓골식당
"연휴-추석 당일,연휴-설날 당일",영업시간:매일 11:30 ~ 22:00,"피자 도우용 반죽을 그릇 위에 덮어서 구워낸 크림 스파게티, 'C-쿠치나'와 한우로 만든 안심 스테이크가 인기있는 레스토랑입니다. 백운호수 주변에서 1호점이 시작되었고 이곳은 2호점입니다. 새로 지은 건물이라 인기가 더 많습니다. 지금은 여의도와 판교 반포 등에 7-8개의 지점을 가지고 있으며 각 지역마다 손님이 붐빕니다. 이곳은 음식도 좋지만 테라스에서 백운호수를 바라다보는 전경이 정말 좋습니다. 파스타는 즉석에서 반죽한 생면을 사용하고 주변 텃밭을 이용해 허브나 토마토 등 각종채소를 직접 재배하여 사용하여 신선합니다. 올라뽀르노도 인기 메뉴 입니다. 파스타 종류가 가장 인기가 높습니다.","한치, 문어 튀김과 레몬 마요네즈:19000,해산물 토마토 바질소스 스파게티:28000,계란, 판체타, 후추, 파미자노레지아:24000",독특한 맛의 파스타가 있는 레스토랑,경기도 의왕시 의일로 25,올라 백운호수점
정기휴무-매주(월),영업시간:매일 11:00 ~ 21:00,"모든 메뉴에는 계란찜 된장국이 제공됩니다. 메뉴로 왕새우꼬치밥, 불닭꼬치밥, 그릴불고기밥, 그릴소고기밥, 매콤해물밥, 베이컨꼬치밥, 그릴치킨버섯밥, 소고기꼬치밥 등이 있습니다. 오후3~5시는 브레이크 타임입니다.","왕새우꼬치덮밥:13800,불고기퀘사디아:13800,등심스테이크:21000",일품요리 퓨전한식 전문점,경기도 성남시 분당구 야탑로111번길 12-11,쉐프의밥
정기휴무-매주(일),"영업시간:월,화,수,목,금,토 11:00 ~ 15:00","1971년부터 49년의 전통을 이어오고 있는 중국 음식점 ‘수봉반점’. 창업주인 노신자, 장병화 부부의 뒤를 이어 아들 부부 장훈규, 정해민씨가 2대째 변함없는 맛을 지켜오고 있습니다. 대표 메뉴는 돼지기름에 돼지고기와 주키니, 양파, 배추, 파, 당근 등 다양한 채소를 볶아 고춧가루와 마늘, 후추로 간을 하여 흰 쌀밥과 비벼 즐기는 ‘중화 비빔밥’. 아삭아삭하게 숨이 살아있는 채소와 부드럽게 씹히는 돼지고기가 칼칼하면서도 불맛이 살아있는 양념과 조화롭게 어우러집니다. 돼지고기와 함께 홍합, 오징어를 사용하여 고소하면서도 시원한 국물 맛을 살린 ‘바람돌이 짬뽕’도 인기 메뉴. 식사는 시간대별로 나눠 운영하며 미리 메뉴를 주문한 후 정해진 시간에 맞춰 매장에 방문하면 되니 참고 바랍니다.","중화비빔밥:7000,중화비빔면:7000,짬뽕:7000,짬뽕밥:7000,볶음밥:7000",얼큰하고 시원한 짬뽕이 인기인 중식당,대구광역시 북구 대현남로2길 60,수봉반점
연중무휴,영업시간:매일 10:30 ~ 19:30,"‘내호냉면’은 밀면을 최초로 개발하여 4대째 이어져 오고 있는 곳입니다. 투박한 외부와 내부의 모습이 세월의 흔적을 보여줍니다. 주문 후 제공되는 짭조름한 온 육수는 입을 개운하게 해줍니다. 대표 메뉴는 식욕을 돋우는 빨간 양념장이 듬뿍 올라간 ‘밀면’입니다. 진한 육향이 올라오는 육수와 부드럽게 끊기는 면발이 매력적입니다. 이곳에서는 처음에는 밀면 본연의 맛을 느끼고 그 후에 식초, 겨자를 취향에 따라 넣는 방법을 추천합니다. 밀면은 주문 즉시 조리를 시작하여 시간이 오래 걸리니 방문에 참고하시길 바랍니다.","비빔/물냉면:8000,밀면:5500,비빔밀면:6000,온면:8000,찐만두:5000",오랜 전통을 가진 밀면 전문점,부산광역시 남구 우암번영로26번길 17,내호냉면
연중무휴,영업시간:매일 10:00 ~ 21:40,라면사리를 넣은 칼칼한 김치찌개와 숙성된 부드러운 김치찜이 주 메뉴인 맛집입니다. 국채보상운동공원 근처의 KT 대구 지사 맞은편 골목에 위치하고 있습니다. 라면사리&공기밥이 무제한으로 제공되어 든든하게 먹을 수 있습니다.,"양지머리:43000,생고기(월~금만 판매):43000,오드래기:43000,대창:35000,등골:25000",칼칼한 김치찌개가 인기인 한식당,대구광역시 중구 동덕로 168-2,한옥집 대구점
"연휴-설날 전일,연휴-추석 익일,연휴-설날 대체공휴일,연휴-설날 전체,연휴-추석 당일,연휴-설날 익일,연휴-추석 전일,연휴-설날 당일,연휴-추석 대체공휴일,연휴-추석 전체",영업시간:매일 09:00 ~ 21:00,지역 주민들의 사랑을 받는 숨은 맛집이었지만 여행객 사이에서도 인기를 얻고 있습니다. 전체적으로 메뉴의 가격은 저렴하며 두루치기와 몸국이 잘 베스트셀러입니다. 특히 이곳의 몸국은 뭍에서 온 사람들도 입맞에 맞아 좋아한다고 하니 경험해보시는 것을 추천합니다. ,"보말국:7000,몽골리안볶음짬뽕:6000,고기국수:5000,순대접시:10000,흑돼지삼겹살:11000",두루치기와 몸국이 인기인 한식당,제주특별자치도 서귀포시 표선면 중산간동로 5218,명문사거리식당
,영업시간:매일 07:30 ~ 23:00,"유기농 밀가루와 천연사과 발효액종으로 빵을 발효시켜서 만드는 역사 깊은 빵집입니다. 버터와 설탕을 거의 사용하지 않아 담백한 것이 특징입니다. 바게트에 치즈를 발라 구운듯한 비주얼의 '치즈 바게트'와 생크림과 카스텔라 가루가 아낌없이 들어가 있는 쫀득한 '화이트 롤'이 인기 메뉴입니다. 그 외에도 다양한 건강빵과 조리빵, 케이크를 만날 수 있습니다.","마블카스테라:3400,치즈바게트:4200,옥수수 마약빵:2700,치즈에그롤:3200,먹물연유바게트:4000",건강한 재료를 쓰는 오랜 역사의 빵집,경기도 수원시 영통구 인계로189번길 7,하얀풍차제과매탄점
"연휴-설날 당일,일일-석가탄신일,연휴-추석 익일,일일-개천절,연휴-설날 전일,일일-어린이날,연휴-추석 당일,일일-광복절,일일-삼일절,연휴-설날 익일,일일-현충일,일일-신정,일일-한글날",영업시간:주중 11:00 ~ 21:30/영업시간:주말 11:00 ~ 21:00,압구정동에서 30년 넘게 평양만두 전문점으로 알려진 곳입니다. 오랜 역사만큼 맛에 대한 내공이 상당하다고 알려져 있습니다. 삼삼한 맛이 일품인 평양만두는 오랜 노하우만큼이나 깊은 맛을 자랑합니다.,"만두국:11000,찐만두:7500,군만두:8000,얼큰목로탕:8000,만두전골:27000",오랜 전통의 매일 직접 빚는 손만두,서울특별시 강남구 압구정로28길 18,목로평양만두국
"정기휴무-매월 넷째주(화),정기휴무-매월 둘째주(화),정기휴무-매주(월)","점심 LO:,일,화,수,목,금,토 14:30 ~ :/저녁 LO:,일,화,수,목,금,토 21:00 ~ :/런치:,일,화,수,목,금,토 12:00 ~ 15:30/디너:,일,화,수,목,금,토 17:00 ~ 22:00","기계를 사용하지 않고 간단한 도구와 손을 사용해 파스타의 면을 직접 뽑고, 음식을 만든다하여 가내수공업이라고 이름 지은 이탈리안 음식점입니다. 파스타를 주문하면 식전빵으로 브르스케타와 스프, 허브차가 함께 나옵니다. 면을 직접 만들기 때문에 일반적인 파스타 면보다 넓직한 것이 특징입니다. 부산 기반 명란 제조업체인 덕화푸드의 명란과 크림 김 페스토 소스, 그리고 통통한 블랙타이거 새우를 넣어 만든 명란 크림 새우 생면파스타는 고소한 맛에 인기가 매우 좋습니다. 이 외에도 벌교꼬막 라비올리, 트러플 가르파치오 타야린 등 다른 곳에서는 맛보기 힘든 새로운 스타일의 파스타를 선보이고 있습니다. ","블랙타이거 새우와 모짜렐라 치즈, 그리고 압착 방식 토마토 소스를 곁들인 딸리아뗄레:18000,부산 로컬 덕화푸드 명란과 김페스토를 곁들인 트리네떼:18000,부전시장 최고의 조개 핸들러 태성 아저씨의 조개로 만든 오늘 봉골레:19000,소의 대창과 사태 힘줄, 그리고 살치살을 곁들인 이탈리아 트라빠:20000",직접 만든 면을 사용하는 파스타 맛집,부산광역시 해운대구 우동1로38번가길 25-8,가내수공업양식당비토
,영업시간:매일 07:30 ~ 00:00,"1987년에 시작해 오랜 전통있는 빵집 '효자베이커리'는 청와대에 케이크를 납품하여 방송과 매체를 통해 입소문이 난 곳입니다. 서촌 통인시장 옆에 자리하고 있으며 동네빵집처럼 생긴 친근한 매장 외관입니다. 단과자, 도넛, 구운 고로케 등 옛날 빵집에서 맛볼 수 있던 빵들부터, 요즘 인기 있는 발효 빵, 베이글까지 다양한 종류의 빵이 준비되어 있어 선택의 폭이 넓습니다. 이 곳에서 제일 유명한 시그니처메뉴는 단짠의 조화가 훌륭하고 양이 푸짐해 식사대용 빵으로 좋은 '콘브레드'이며, '어니언크림치즈 베이글'과 '통무화과 베이글', '먹물큐브', '호두파운드' 등도 인기있다. 인기 빵 종류는 일찍 소진될 수 있으니 참고 바랍니다.","경주빵:4500,아몬드쿠키:4000,수제초코파이:2000",선택의 폭이 넓은 오랜 전통의 빵집,서울특별시 종로구 필운대로 54,효자베이커리
"연휴-추석 당일,연휴-설날 당일",영업시간:매일 10:30 ~ 20:00,"여주 천서리 막국수 골목에서 3대에 걸쳐 90년이 넘는 역사를 써내려 오고 있는 ‘홍원막국수’. 매장 바로 앞에 별관을 따로 운영할 정도로 식사 시간 상관없이 많은 인기를 끌고 있습니다. 대표 메뉴 ‘비빔 막국수’는 단단하게 똬리를 튼 메밀 면 위로 양념장, 오이, 달걀, 김 가루를 차곡차곡 쌓아 제공합니다. 메밀가루와 고구마 전분을 8:2 비율로 섞은 반죽으로 뽑은 면발은 부드러우면서도 쫄깃한 식감을 동시에 느낄 수 있습니다. 매콤달콤한 양념장과 구수한 메밀면의 조합이 돋보이는 막국수는 반 정도 먹은 뒤 시원한 육수를 부어 자작하게 먹는 방법도 인기입니다. 24시간 이상 끓인 사골에 다시마, 무로 깊은 맛을 살린 육수가 막국수의 감칠맛을 한껏 살려줍니다.","비빔국수:8000,물국수:8000,편육:16000,온면:8000,곱빼기:9000",메밀 막국수가 일품인 막국수 맛집,경기도 여주시 대신면 천서리길 12,홍원막국수
정기휴무-매주(일),영업시간:주중 11:30 ~ 22:00/영업시간:토 11:30 ~ 21:00/휴식:매일 14:00 ~ 17:30,동경에서 45년 이상 메밀국수를 뽑아온 이노 유키오 셰프가 2대째 가업을 잇고 있는 일본소바전문점 오무라안입니다. 강원도 봉평메밀로 국수를 만들고 있으며 국내 거주하는 일본인들 사이에서도 본토맛에 가장 가깝다고 소문난 곳이기도 합니다. 저녁 영업시간에는 식사 메뉴를 판매하지 않습니다.,"소바:7000,김치우동:10000,규동:11000",일본 도쿄식 메밀 소바 전문점,서울특별시 강남구 논현로79길 66,오무라안
"정기휴무-매월 둘째주(월),정기휴무-매월 첫째주(월),정기휴무-매월 셋째주(월)",영업시간:매일 11:30 ~ 22:00,신촌이대거리에 위치한 '완차이'. 붉은색의 강렬한 간판으로 눈길을 끄는 중식당으로 평범한 중화요리뿐만 아니라 이색적인 중국요리를 맛볼 수 있는 곳입니다. 고춧가루로 기름을 내어 알싸하게 매운맛이 치고 올라오는 사천식 '아주 매운 홍콩 홍합'이 이곳의 시그니처 메뉴입니다. 볶음밥을 주문한 후 홍합과 매운 소스를 올려먹으면 매운맛이 중화되며 기름진 볶음밥과 궁합이 좋습니다.,"아주매운홍콩홍합:27000,완차이 짜장:6000,완차이 짬뽕:7500,돼지고기 볶음밥:8000,탕수육:18000",퓨전 중국요리를 전문으로 하는 중식당,서울특별시 서대문구 명물길 50-7,완차이
연중무휴,영업시간:매일 11:00 ~ 22:00/휴식:매일 15:00 ~ 17:00,패션을 모티브로 한 즉석떡볶이 집입니다. 패션디자이너 부부가 운영하는 한국 최초의 프리미엄 떡볶이로 2011년 6월 가로수길에 런칭 된 이후 유행을 주도하는 셀러브리티들과 트랜드세터들에게 가장 사랑 받고 있는 HOT PLACE입니다.,"즉석떡볶이 (2인분):14000,레드쉬림프떡볶이:8800,궁중떡볶이:8800,아라비아따떡볶이:9800,단호박떡볶이:9800",고급스러운 즉석떡볶이가 맛있는 분식집,서울특별시 강남구 도산대로13길 14-3,빌라 드 스파이시 가로수길점
"연휴-설날 전일,연휴-추석 익일,연휴-설날 대체공휴일,연휴-설날 전체,연휴-추석 당일,연휴-설날 익일,연휴-추석 전일,연휴-설날 당일,연휴-추석 대체공휴일,연휴-추석 전체","영업시간:월,화,수,목,금,토 11:00 ~ 03:00/영업시간:일 11:00 ~ 22:00","16년 전통의 국내 최초 일본식 활참복요리 전문점입니다. 연예인들도 많이 오고 갔을 정도로 가격이 높은 편이지만 그만큼 인기가 많은 곳입니다. 고슬고슬한 맛의 복 껍질, 쫀득쫀득한 복 사시미, 꼬득꼬득한 복 튀김 등 처음 접해보는 복요리가 코스로 제공됩니다. ","참복구이:55000,복불고기:55000,참복샤브샤브:55000,참복 맑은탕(매운탕):44000,참복 풀코스A(껍질, 회, 탕, 죽):99000",얇고 투명한 참복 사시미 전문점,서울특별시 강남구 도산대로50길 14,현복집
,영업시간:매일 11:00 ~ 21:00,"정육점을 함께 운영하는 돈가스, 스테이스 맛집입니다. 돈가스와 스테이크를 비롯해 모든 메뉴를 무한으로 즐길 수 있습니다. 바삭하게 튀겨 낸 돈가스와 스테이크, 치킨 가스를 동시에 맛보는 '모듬정식'이 인기 메뉴입니다.","모듬정식:8900,치즈모듬:9900,함박정식:10900",저렴한 가격의 수제돈가스 전문점,경기도 고양시 일산서구 성저로46번길 58,김추일돈까스&밀면
"연휴-설날 전일,연휴-추석 익일,연휴-설날 대체공휴일,연휴-설날 전체,연휴-추석 당일,연휴-설날 익일,연휴-추석 전일,연휴-설날 당일,연휴-추석 대체공휴일,연휴-추석 전체",영업시간:매일 11:30 ~ 21:30,"강원도에서 3대를 이어 운영하는 샘밭막국수의 분점입니다. 춘천에서 모든 재료를 공수해 본점의 맛을 재현하고 있습니다. 메밀을 80%를 사용해 직접 뽑은 메밀면에 동치미 국물을 부어 즐기는 막국수가 대표메뉴입니다. 생감자를 갈아 만든 감자전, 절인 배추와 함께 즐기는 돼지고기 보쌈을 함께 먹는 손님이 많습니다. ","막국수:10000,녹두전:14000,보쌈(중,대):30000,샘밭정식:15000,메밀전:12000",동치미 국물로 맛을 낸 막국수 전문점,서울특별시 서초구 서초중앙로24길 27,샘밭막국수
정기휴무-매주(일),영업시간:주중 11:40 ~ 22:00/영업시간:토 12:00 ~ 21:00,"‘목포자매집’은 2002년부터 16년 동안 운영 중인 곳으로, 민어회, 병어조림, 매운탕, 홍어찜 등 다양한 남도 음식을 맛볼 수 있는 곳입니다. 대표 메뉴는 ‘민어회’입니다. 부드러운 살점 부위와 특수 부위가 따로 준비됩니다. 특수 부위는 민어 뱃살, 껍질, 부레로 기름장에 찍어 본연의 고소하고 담백한 맛을 즐기는 것이 좋습니다. 묵은지, 부추김치, 열무김치 등 다양한 김치와 젓갈, 각종 나물 등 갖은 반찬들이 함께 제공되어 푸짐한 식사를 즐길 수 있습니다. 특히 게를 갈아 만든 젓갈은 이 집에만 맛볼 수 있는 별미라고 하니 참고하면 좋겠습니다.  ","민어:70000,병어조림:50000,짱뚱어탕:10000,매생이국:10000,낙지연포탕:0",남도음식의 진수를 맛볼 수 있는 곳,서울특별시 강남구 언주로115길 14,목포자매집
"연휴-설날 전일,연휴-추석 익일,연휴-설날 대체공휴일,연휴-설날 전체,연휴-추석 당일,연휴-설날 익일,연휴-추석 전일,연휴-설날 당일,연휴-추석 대체공휴일,연휴-추석 전체",영업시간:매일 11:30 ~ 21:30,사골을 푹 우려낸 구수한 국물에 손으로 빚어 도톰한 면이 만난 칼국수가 대표메뉴입니다. 칼국수에 버섯과 고기가 들어간 빈대떡을 곁들이면 한끼 식사로 든든합니다. 맑게 내린 국물에 면발이 굵어서 인기인 여름철한정메뉴 서리태 콩국수와 두툼하게 찢은 닭고기와 새콤달콤한 비빔국수가 합쳐진 닭쟁반비빔국수도 인기라고 합니다. ,"칼국수:8000,닭쟁반국수:25000,어복쟁반:45000,만둣국:8000,떡만둣국:8000",칼국수와 서리태 콩국수가 유명한 집,서울특별시 강남구 영동대로 611,삼성국수
,영업시간:매일 11:30 ~ 22:00,"돌판구이로 유명한 오리고기, 생삼겹 전문점입니다. 넝쿨 식물이 둘러싼 시원한 분위기의 건물입니다. 돌판에 고기를 굽고 난 후 누룽지 볶음밥을 만들어줍니다. 미리 예약을 해야 합니다. ","돌판오리구이:60000,돌판삼겹살:19000,볶음밥:3000",돌판에 구워 더 맛있는 오리고기,경기도 광주시 오포읍 수레실길 129,수레실가든
연중무휴,영업시간:주중 11:30 ~ 21:50/영업시간:주말 11:30 ~ 19:30/휴식:주중 15:00 ~ 17:00/휴식:주말 13:30 ~ 17:30,"인계동의 한우 갈비 전문점입니다. 국내산, 호주산, 미국산 생갈비와 양념갈비 메뉴가 특히 인기입니다. 계절 별로 10여가지 밑반찬이 준비되어 나와 푸짐한 한상을 즐길 수 있습니다. 입안에서 살살 녹는 부드러운 육질을 자랑합니다.","미국산양념갈비:40000,미국산생갈비:44000,한우 양념갈비:46000,한우 채끝등심:52000,한우 생갈비:58000",생갈비로 유명한 갈비 요리 전문점,경기도 수원시 팔달구 장다리로 282,가보정
연중무휴,영업시간:매일 00:00 ~ 00:00,"60년이 넘게 3대째 영업중인 국밥맛집입니다.  따로국밥은 사골 육수에 선지와 소고기, 고춧가루와 대파, 무 등의 야채를 넣고 푹 끓인 후에 생마늘과 부추를 얹어 먹는 음식입니다. 대구에서 꼭 먹어봐야할 음식으로 꼽힙니다.","특따로국밥:9000,따로국밥:8000,따로국수:8000,사리:1000,선지:5000",잡내 없이 맛있는 진국 국밥,대구광역시 중구 국채보상로 571,국일따로국밥
,영업시간:매일 08:00 ~ 23:00,"대를 이어 80년의 전통을 자랑하는 '황남빵'입니다. 경주시 향토 명과로 지정될 정도로 인기가 높은 곳입니다. 대표 메뉴 '황남빵'은 순수 국내산 팥만을 이용하여 손으로 직접 빚습니다. 달콤한 팥이 들어있는 황남빵은 부드러운 우유와 먹으면 더욱 맛있게 즐길 수 있습니다. '황남빵' 매장은 체인점이 없으며, 유사 업소와 혼돈할 수 있으니 주의해야 합니다.","황남빵 1호(20개):20000,황남빵 2호(30개):30000",경주 명물 대표간식 황남빵 전문점,경상북도 경주시 태종로 783,황남빵
"연휴-설날 전일,연휴-추석 익일,연휴-설날 대체공휴일,연휴-설날 전체,연휴-추석 당일,연휴-설날 익일,연휴-추석 전일,연휴-설날 당일,연휴-추석 대체공휴일,연휴-추석 전체",영업시간:매일 12:00 ~ 22:00,김유순 대구뽈찜 전문집으로 상호가 변경된 구 충무식당의 대구 뽈찜 전문점입니다. 양파와 콩나물이 가득 들어 있는 매콤한 대구 뽈찜이 주 메뉴입니다. 다 먹은 후에는 남은 양념에 감사 사리를 넣어 비벼 먹으면 더욱 맛있습니다.,"대구뽈찜 (소):25000,대구뽈찜 (중):33000,대구뽈찜 (대):40000",매콤한 대구뽈찜으로 유명한 한식당,부산광역시 남구 못골로 79-10,김유순대구뽈찜
"연휴-추석 당일,연휴-설날 당일",영업시간:매일 08:00 ~ 21:00,"큰 우시장이 있던 경기도 안성에서 장터 국밥을 판매하던 곳입니다. 설렁탕, 내장곰탕, 소머리수육, 곰탕, 갈비탕 등을 판매하고 있습니다. 조미료의 맛이 느껴지지 않는 아주 깔끔하고 담백한 맛의 탕은 물리지 않아 단골들의 발길을 부릅니다.","설렁탕:8000,곰탕:8000,내장곰탕:9000,갈비탕:10000,소머리수육(소):22000",오랜 전통의 노포에서 먹는 진한 우탕,경기도 안성시 중앙로411번길 20,안일옥 본점
"연휴-설날 전일,연휴-추석 익일,연휴-설날 대체공휴일,연휴-설날 전체,연휴-추석 당일,연휴-설날 익일,연휴-추석 전일,연휴-설날 당일,연휴-추석 대체공휴일,연휴-추석 전체",영업시간:매일 11:00 ~ 21:00,"풍원장시골밥상은 기장군에 위치한 한정식 전문점입니다. 버스를 대절해서 찾아갈 정도의 맛집으로 소문이 나있습니다. 편안함을 강조하면서도 한옥의 고풍스러운 느낌을 잘 살린 인테리어가 인상적입니다. 호박죽과 잡채 등의 푸짐한 밑반찬과 오리고기, 돼지고기 숯불구이, 보쌈 등의 메인요리로 구성된 정식이 대표메뉴입니다. 숯불에 구워 기름기가 쏙 빠져 더욱 담백하고 식감이 좋은 돼지불고기가 인기메뉴입니다. 한정식을 전문으로 하지만 회정식도 찾는 이들이 많습니다. 쫀득하고 싱싱한 회 한 접시에 초밥까지 포함되어 있습니다. 돌솥밥에 지은 고슬고슬한 밥과 된장찌개로 식사를 마무리하면 든든합니다.","회정식 1인:20000,돼지불고기정식 1인:15000",깔끔하고 정갈한 한정식 맛집,부산광역시 기장군 기장해안로 250 시골밥상,시골밥상풍원장
,영업시간:매일 11:00 ~ 21:00,1998년부터 영업해 온 분식점입니다. 통통한 나뭇잎 모양으로 빚어내서 찌거나 구워서 파는 손만두가 이 집의 대표 메뉴입니다. 고추로 국물의 매운맛을 살린 탕오뎅이나 매콤한 양념에 콩나물과 함께 조리해내는 양념오뎅도 인기입니다. 가게에는 앉을 수 있는 테이블 자리가 없고 가게 앞에서 서서 먹거나 포장해가는 방식으로만 판매합니다.,"나뭇잎만두:4000,콩나물어묵:2500",나뭇잎 모양의 손만두가 인기인 곳,대구광역시 달서구 월배로14길 15,장여사의나뭇잎손만두
,영업시간:매일 10:00 ~ 22:00,"동인동 찜갈비 골목을 30년 넘게 지켜온 집으로 소갈비찜이 대표 메뉴입니다. 방송에 여러 차례 소개될 정도로 인기가 많고 유명한 맛집입니다. 매콤한 양념이 입맛을 돋워주며, 야들야들한 육질이 일품입니다. ","수입 갈비찜:18000,한우 갈비찜:28000,갈비살찌개:7000",손맛이 담긴 양푼 찜갈비 맛집,대구광역시 중구 동덕로36길 9-17,낙영찜갈비
"연휴-설날 전체,연휴-추석 당일,연휴-설날 익일,정기휴무-매주(일),연휴-추석 전일,연휴-설날 당일,연휴-추석 대체공휴일,연휴-추석 전체,연휴-설날 전일,연휴-추석 익일,연휴-설날 대체공휴일",영업시간:매일 11:30 ~ 21:00,"30년 이상의 역사를 가진 메밀 냉면 전문점입니다. 인천식으로 까나리 액젓을 소량 첨가해 먹는 방식이며, 슴슴한 맛을 자랑합니다. 녹두를 갈아 부쳐낸 녹두전은 이 곳 냉면과 아주 잘 어울리는 단짝입니다.","물냉면:7000,비빔냉면:7500,삼겹살편육:9000",닭과 돼지로 육수를 낸 메밀냉면,인천광역시 미추홀구 한나루로586번길 92,변가네옹진냉면
"연휴-설날 전일,연휴-추석 익일,연휴-설날 대체공휴일,연휴-설날 전체,연휴-추석 당일,연휴-설날 익일,연휴-추석 전일,연휴-설날 당일,연휴-추석 대체공휴일,연휴-추석 전체",영업시간:매일 07:00 ~ 18:00,신선한 게를 손수 절구로 찧고 찌꺼기는 체로 거른 후 나머지를 이용하여 쌀과 함께 만든 죽인 겡이죽이 인기인 곳입니다. 그리고 바다냄새가 물씬 나는 성게칼국수에서는 제주도의 특별함을 느낄 수 있습니다. ,"전복회(1kg):180000,해삼:30000,소라:20000,문어:20000,전복죽:11000",겡이를 곱게 갈아 만든 영양만점 죽,제주특별자치도 서귀포시 성산읍 섭지코지로 95,섭지해녀의집
연중무휴,영업시간:매일 07:00 ~ 21:00,"해녀들이 직접 운영하며 물질로 획득한 싱싱한 해산물로 전복죽, 전복물회, 성게보말죽, 해물탕, 성게국수 등 다양한 음식을 선보입니다. 아침7시부터 아침식사가 가능한 점 참고하시기 바랍니다. ","전복죽:10000,성게보말죽:10000,해물탕:6000",해녀들이 직접 운영하는 해산물 전문점,제주특별자치도 제주시 조천읍 조함해안로 410,잠녀해녀촌
,영업시간:매일 12:00 ~ 21:30/휴식:매일 14:30 ~ 17:30,"스시 명가인 서울 웨스틴조선호텔 일식당 스시조(?朝)는 ‘보고 음미하는 요리’인 일식에 현대적인 감각을 불어넣은 신화식으로 세계적인 레스토랑 가이드북 ‘자갓(ZAGAT)’한국판에서 맛 부분으로 최고의 레스토랑으로 인정 받는 등 그 명성을 확인 받고 있습니다. 스식코스와 오마카세 코스가 인기가 많습니다. 도쿄의 유명 스시집 큐베 출신의 일본인 수석셰프가 요리를 담당하며, 스시, 조림, 튀김을 따로 주문할 수 있고, 코스요리도 준비되어 있습니다. 원래 지하에 자리잡고 있다가, 2009년 20층으로 위치를 옮기고 메뉴를 강화했습니다.","런치(hall):109000,디너(hall):150000,런치(room):121000,디너(room):170000,런치(hall):155000,런치(room):225000,디너(hall):285000,디너(room):285000",우아한 분위기에서 즐기는 스시와 사케,서울특별시 중구 소공로 106,스시조
"연휴-추석 당일,연휴-설날 당일",영업시간:매일 00:00 ~ 00:00,"현대정육식당이라는 상호처럼 정육점을 하다가 김치찌개를 끓이기 시작한 곳입니다. 김치찌개는 2년 묵은 신김치를 사용해 뚝배기에 보글보글 끓여서 나오는데, 돼지갈비와 목살을 큼직하게 썰어 넣어 푸짐하고 진한 국물 맛을 낸다고 합니다.","김치찌개:7000,김치전골(2인):15000,김치전:8000,목살김치볶음:15000,제육볶음:8000",돼지고기 김치찌개가 유명한 맛집,서울특별시 강남구 선릉로146길 5,현대정육식당
,영업시간:매일 11:00 ~ 21:00,"전주 교동에 위치한 만두 전문점입니다. 한옥마을 만두로 유명한 다우랑에는 고기교자만두, 새우만두, 새우교자만두, 고기야채만두 등의 다양한 만두가 준비되어 있습니다. 정성스럽게 수제로 만드는 만두의 맛을 느껴보기 좋은 곳입니다.","김치교자만두:4000,고기교자만두:4000,새우만두:6000",한옥마을 내 유명한 수제 만두 가게,전라북도 전주시 완산구 태조로 33,다우랑
"정기휴무-매월 셋째주(월),정기휴무-매월 첫째주(월)",영업시간:매일 11:30 ~ 22:00,이태원의 오래된 맛집 중 하나인 바다식당은 존슨탕의 원조격으로 알려진 곳입니다. 치즈와 소시지를 넉넉히 넣어 진하고 느끼한 맛이 특징입니다. 1인분으로 계산하지 않고 소와 중 두 가지 사이즈가 있습니다. 존슨탕 외에 돼지갈비 바비큐도 인기 메뉴입니다. ,"존슨탕(2인분):20000,돼지갈비바베큐(1인분):15000,소갈비바베큐(1인분):25000,소고기쏘세지:25000,정통티본스테이크(1인분):30000",치즈가 들어가 고소한 부대찌개,서울특별시 용산구 이태원로49길 18,바다식당
"연휴-설날 전일,연휴-추석 익일,연휴-설날 대체공휴일,연휴-설날 전체,연휴-추석 당일,연휴-설날 익일,연휴-추석 전일,연휴-설날 당일,연휴-추석 대체공휴일,연휴-추석 전체",영업시간:매일 11:30 ~ 22:00,"국내산 한우를 산지 직송하여 판매하는 곳으로 다양한 한우와 돼지고기를 엄선하여 판매하고 있습니다. 좋은 소고기를 합리적인 가격으로 즐길 수 있습니다. 신선함이 생명인 곳으로 가족끼리 외식하기도 좋고, 믿고 먹을 수 있습니다.","한우모듬 600g:78000,한우생등심 600g:108000,한우차돌박이 600g:84000,한우부채/제비추리 600g:118000,한우갈비살 600g:128000",산지에서 직송한 한우 맛집,서울특별시 관악구 남현1길 38-9,삼수갑산
연중무휴,영업시간:매일 00:00 ~ 00:00,"시민공원역 2번 출구 인근에 자리 잡은 '청해김밥'. 합리적인 가격으로 다양한 분식을 즐길 수 있어 동네 주민들에게 인기가 많은 곳입니다. 대표 메뉴는 색감을 사로 잡는 노란색 달걀 지단으로 김밥을 감싼 '계란말이 김밥'. 다채로운 김밥의 맛에, 더해지는 달걀의 고소함이 일품입니다. 많이 달지 않고 매콤한 양념맛이 특징인 쫄면도 인기 메뉴입니다. 주차공간이 마련되어 있어 차를 이용해 방문하기에도 좋습니다.","김밥:2500,계란말이 김밥:3500,떡볶이:4000,라볶이:4500",눈을 사로잡는 노란 계란말이 김밥,인천광역시 미추홀구 경인로 414,청해김밥
"연휴-설날 당일,연휴-추석 당일,연휴-설날 전일,연휴-추석 전일,연휴-설날 익일,연휴-추석 익일",영업시간:매일 11:00 ~ 22:00,"‘삼호짱뚱이’는 여름철이면 제철 맞은 민어회 요리를 찾는 단골 손님들로 북적이는 곳입니다. 대표 메뉴는 다양한 민어 요리를 모두 맛볼 수 있는 ‘민어정식’입니다. 부드러운 목 넘김을 자랑하는 매생이탕을 시작으로 쫄깃한 식감의 민어회, 담백하게 부쳐낸 민어전, 신선한 조개와 생민어를 넣고 끓여낸 ‘생민어매운탕’이 차례로 제공됩니다. 특히 ‘생민어매운탕’은 얼큰하면서도 제철 민어의 기름진 감칠맛이 더해져 식사 메뉴로도, 해장에도 제격입니다. 밑반찬이 맛있기로 소문난 이곳은 점심시간 동안만 제공되는 ‘점심특선백반’을 선보입니다. 매일 달라지는 11종의 반찬과 함께 푸짐한 식사를 즐길 수 있어 인근 직장인들에게 인기입니다. ","짱뚱이탕:10000,점심특선백반:7000,병어조림 (소):40000",짱뚱어탕이 별미인 남도음식 전문점,서울특별시 강남구 도산대로34길 11,삼호 짱뚱이
"연휴-설날 전체,연휴-추석 당일,연휴-설날 익일,정기휴무-매주(일),연휴-추석 전일,연휴-설날 당일,연휴-추석 대체공휴일,연휴-추석 전체,연휴-설날 전일,연휴-추석 익일,연휴-설날 대체공휴일",영업시간:매일 17:30 ~ 00:00,"‘부산양곱창’은 매장 오픈과 동시에 만석은 물론 웨이팅이 생길 정도로 먹자골목 내에서 많은 사랑을 받는 곳입니다. 음식을 주문하면 생간, 천엽, 파김치, 술국 등의 밑반찬이 푸짐하게 차려집니다. 대표 메뉴는 차돌박이와 초벌구이 과정을 거친 곱창이 함께 제공되는 ‘소 곱창’. 불판이 달아오르면 사장님이 곱창을 먹기 좋게 자르고 직접 구워 줘 보다 편안한 식사를 할 수 있습니다. 숯불 위에서 서서히 익은 곱창은 고소한 맛과 은은하게 풍기는 불 향의 조화가 일품입니다. 숯 향을 가득 머금은 소곱창에 파김치를 올려 한입에 먹는 방법도 인기입니다. 알싸한 파김치가 곱창의 기름진 맛은 잡아주고 감칠맛을 더합니다.","특양구이:20000,소곱창:20000,한우대창:20000,양 볶음밥:12000,소곱창전골:36000",고풍스러운 분위기에서 먹는 양곱창,서울특별시 송파구 백제고분로7길 52-24,부산양곱창
"연휴-설날 전체,연휴-추석 당일,연휴-설날 익일,정기휴무-매주(일),연휴-추석 전일,연휴-설날 당일,연휴-추석 대체공휴일,연휴-추석 전체,연휴-설날 전일,연휴-추석 익일,연휴-설날 대체공휴일",영업시간:매일 04:00 ~ 21:00,남대문 갈치조림 골목에서 가장 오래된 가게입니다. 직접 섬에서 공수해 오는 생갈치를 양은 냄비에 매콤한 양념을 올려 조려냅니다. 갈치 양념 국물에 푹 익은 무를 넣고 밥과 함께 비벼 먹는 것이 일품입니다. ,"갈치조림 1인분:8000,고등어구이 (2인분):16000,달걀찜 추가:2000",남대문 갈치 골목에서 가장 오래된 곳,서울특별시 중구 남대문시장길 22-6,희락갈치
연중무휴,영업시간:매일 00:00 ~ 00:00,"테이블 전체가 큰 돌판으로 되어 있는 오리고기 돌판구이 전문점 입니다. 오리고기와 함께 야채를 구워 먹기 좋으며, 고기를 먹은 뒤에는 돌판에 볶아 먹는 볶음밥은 꼭 추천합니다. 매장 규모가 매우 커서 손님이 많아도 쾌적하게 즐길 수 있습니다.","생오리(한마리):45000,생오리(반마리):22000,주물럭(한마리):38000,주물럭(반마리):22000,차돌박이:18000",돌판에 구워주는 오리구이 전문점,인천광역시 부평구 경원대로 1439,생오리돌판구이
연중무휴,영업시간:매일 14:00 ~ 02:00,대표 메뉴인 양꼬치는 어린 호주산 양고기를 사용하여 부드러운 식감을 자랑하며 양 고기 특유의 누린내가 나지 않아 손님들의 발 걸음이 끊이지 않는 곳입니다. 4가지 종류의 소스를 기호에 따라 선택할 수 있어 질리지 않고 계속 먹을 수 있습니다. 이외에도 쫀득한 맛이 일품인 꿔바로우도 인기 메뉴이며 단체석도 완비되어 있습니다.,"양꼬치:11000,양갈비:15000,양갈비살:13000",호주산 어린 양꼬치 전문점,서울특별시 관악구 관악로16길 38,성민양꼬치
"연휴-추석 당일,연휴-설날 당일",영업시간:매일 10:30 ~ 20:20,"통나무와 황토흙으로 지은 집이 토속적인 분위기를 풍깁니다. 분청 도자기에 음식을 담고, 떡갈나무로 만든 통나무상에 음식을 차려냅니다. 이천 돌솥밥에 청국장과 보쌈, 밀전병, 조기찜, 계절나물 등의 반찬이 푸짐하게 제공됩니다. 단품 요리로는 야채를 곁들인 닭조림과 돼지 고추장 구이가 인기입니다.","임금님정식:44000,수라정식:34000,굴비정식:27000,게장정식:35000",토속적인 분위기의 쌀밥 정식 전문점,경기도 이천시 신둔면 경충대로 3134,임금님쌀밥집
"연휴-설날 당일,연휴-설날 전일,연휴-추석 당일,연휴-추석 전일",영업시간:매일 11:30 ~ 21:00/휴식:매일 15:00 ~ 17:00,"광주 대촌동에 위치한 전라남도식 한정식 전문점입니다. 장아찌, 김치, 천연재료들로 발효시킨 다양한 장을 담아둔 다양한 장독대와 나무, 화분 등으로 꾸며놓은 아담한 정원이 있고, 방마다 들어가서 식사 할 수 있는 곳입니다. 30여가지의 맛있는 음식들과 식사하는 정식이 인기입니다.","활어회한상차림(2인):90000,활어회한상차림(3인):120000,활어회한상차림(4인):150000",아담한 정원이 있는 한정식 전문점,광주광역시 북구 대촌길6번길 20-6,넓으실
"연휴-설날 당일,연휴-설날 전일,연휴-추석 당일,연휴-추석 전일",영업시간:주중 11:00 ~ 20:30/영업시간:주말 10:00 ~ 20:30,"강원도 홍천군에 위치한 '양지말 화로구이'입니다. 30여년째 운영중인 화로구이 전문점으로 1층과 2층에 넉넉하게 자리가 마련되어 있어 단체로 방문하기 좋은 곳입니다. 홍천의 명물로 불리는 숯불에 구워 먹는 '고추장 화로구이'가 대표메뉴입니다. 15가지의 각종 야채를 갈아 고추장과 재래식된장, 토종벌꿀을 적당한 비율로 섞어 충분히 재워 만든 고추장 양념 맛이 특히 일품입니다. 입안 가득 퍼지는 쌉싸름한 향과 아삭한 식감이 특징인 '양송이 더덕구이'도 인기메뉴이며, 후식으로 준비되어 있는 메밀커피도 별미입니다.","고추장 화로구이:14000,더덕구이:25000",화로에 구워 먹는 고추장 삼겹살,강원도 홍천군 홍천읍 양지말길 17-4,양지말 화로구이
"정기휴무-매월 셋째주(월),정기휴무-매월 첫째주(월)",영업시간:매일 11:30 ~ 20:00,"인천 배다리에 위치한 중식당으로 주말엔 거의 항상 웨이팅이 있습니다. 돼지고기 기름인 라드유로 볶는 볶음밥은 쌀알 하나하나가 살아있다는 평을 받을 정도로 일품이며, 칼칼한 국물의 짬뽕도 좋은 평을 받고 있습니다.","짬뽕:6000,자장면:5000",칼칼한 국물의 짬뽕이 인기인 중식당,인천광역시 중구 참외전로174번길 7,용화반점
연중무휴,영업시간:매일 11:00 ~ 21:30,차이나타운에서 특색있는 하얀짜장을 내놓으며 유명해진 곳. 피크시간과 주말에는 항상 웨이팅이 있으므로 참고하면 좋습니다. 고전 중국영화에 나온 것 같은 실내 인테리어는 보는 즐거움까지 줍니다.,"옛날짬뽕:8000,짜장면:5000,백년짜장:7000,하얀백년짜장:7000",닭고기 육수를 넣은 독특한 짜장면,인천광역시 중구 차이나타운로 36,만다복
"연휴-설날 당일,정기휴무-매주(화),연휴-추석 당일",영업시간:매일 11:30 ~ 23:00,제주 현지인들이 추천하여 실패하지 않는 맛집이며 요리에 가까운 20여가지의 곁반찬과 싱싱한 회가 상다리가 부러지도록 나옵니다. 회를 좋아하지 않는 사람도 서비스만으로 배를 채울 수 있습니다.,황돔 1kg:120000,20가지의 반찬이 나오는 싱싱한횟집,제주특별자치도 제주시 조천읍 조함해안로 446,대풍미락
연중무휴,영업시간:매일 17:30 ~ 05:30,중국의 양꼬치 비법을 전수받은 양꼬치 전문점입니다. 연예인 구준엽과 심태윤이 운영하는 곳입니다. 1년 이하의 어린 양만을 사용하여 꼬치에 잡내를 방지합니다. 부드러운 육질과 풍미 깉은 육즙으로 특히 사랑받고 있습니다.,"양꼬치:11000,양갈비살꼬치 :12000,모둠꼬치:31000",중국의 양꼬치 비법을 전수 받은 곳,서울특별시 강남구 도산대로 408,심양
"연휴-설날 당일,연휴-추석 당일,연휴-설날 전일,연휴-추석 전일,연휴-설날 익일,연휴-추석 익일",영업시간:주중 11:00 ~ 22:00/영업시간:주말 11:00 ~ 21:00,"‘오향절면’은 가성비 좋은 구성 덕에 인근 직장인들의 회식 장소로 인기를 끌고 있습니다. 대표 메뉴는 큼직한 냄비 한 편엔 보쌈과 달걀찜, 다른 쪽에는 해물탕이 함께 담겨 나오는 ‘오향 보쌈’. 해물탕을 끓이면서 증기가 뿜어져 나와 마지막까지 보쌈을 따뜻하게 먹을 수 있습니다. 마지막엔 해물탕에 칼국수 사리를 추가해 든든하게 마무리하기 좋습니다.","오향보쌈:35000,칼국수보쌈정식:12000,칼국수정식:9000,김치콩비지보쌈정식:12000,오향칼국수:8000",다채로운 구성을 한 번에 즐기는 보쌈,서울특별시 강남구 남부순환로355길 13,오향절면
연중무휴,영업시간:매일 10:00 ~ 23:30,"낙지, 전복, 굴, 문어 등의 싱싱한 해산물 재료로 요리하는 해산물 전문점입니다. 할매낙지탕, 낙지볶음, 굴전, 문어초회 등이 인기가 높습니다. 여의도 직장인들이 점심 저녁으로 즐겨 찾는 집입니다. ","할매탕:14000,할매탕특:20000,전복죽:12000",싱싱한 해산물 요리 맛집,서울특별시 영등포구 국제금융로8길 19,강공순할매집전복신랑해물각시 본점
"연휴-설날 전체,연휴-추석 당일,연휴-설날 익일,정기휴무-매주(일),연휴-추석 전일,연휴-설날 당일,연휴-추석 대체공휴일,연휴-추석 전체,연휴-설날 전일,연휴-추석 익일,연휴-설날 대체공휴일",영업시간:매일 12:00 ~ 22:30/휴식:매일 15:00 ~ 18:00,"한국 최고의 고급 한식 레스토랑을 추구하는 '권숙수'입니다. 권우중 쉐프가 몇 년간 전국을 다니면서 축적한 방방곡곡의 제철 식재료만을 사용합니다. 신선한 제철 식재료 자체의 맛과 식기의 아름다움이 결합되어 하나의 예술작품이 완성됩니다. 여름에는 은어, 도화새우, 딱새우 등을 사용하고 가을에는 참게, 미더덕젓갈, 능이버섯, 백화고 등 곡성, 봉화, 양양, 순천, 무안, 영암 등 전국에서 공수한 제철 재료를 이용한 요리를 선보이고 있습니다. 산지가 아니면 먹어보기 어려운 재료들만으로 요리를 선보여 정성이 가득합니다. ","점심상:0,저녁상:0",제철 식재료만 사용하는 한식 레스토랑,서울특별시 강남구 압구정로80길 37,권숙수
"연휴-추석 당일,일일-현충일,연휴-설날 당일,일일-어린이날,일일-신정,일일-크리스마스",영업시간:매일 18:00 ~ 02:00,"5~6백여 종의 다양한 와인을 분류해 놓은 와인바로 합리적인 가격 덕분에 마니아들에게 많은 사랑을 받고 있습니다. 은은한 조명이 비추는 대리석 인테리어가 인상적입니다. 실내는 바, 홀, 룸 등으로 구성되어 있어 그날의 기분과 목적에 따라 좌석을 선택할 수 있습니다. 전화예약은 pm:4:30부터 가능합니다.","안심스테이크:44000,모둠치즈:39000,모둠과일치즈:33000",600여종의 와인을 선보이는 와인바,서울특별시 강남구 선릉로162길 43,까사델비노 청담점
"정기휴무-매월 넷째주(화),연휴-추석 전일,정기휴무-매월 둘째주(화),연휴-설날 당일,연휴-설날 전일,연휴-추석 당일",영업시간:매일 12:00 ~ 22:00,"전국적으로 멜젓과 근고기의 조합을 유행시킨 근고기전문점 돈사돈 제주본점입니다. 무게를 400g씩 근수로 달아서 판다는 의미로 '근고기'라 이름 붙인 메뉴가 인기입니다. 두툼하게 썬 '오겹살', 목살 등의 부위를 섞어서 내와 테이블 위에서 연탄불에 구워서 젓갈에 찍어서 먹는 메뉴입니다. ","흑돼지(400g):36000,흑돼지 (600g):54000,일반돼지(400g):28000",두툼하게 썬 근고기가 인기인 맛집,제주특별자치도 제주시 우평로 19,돈사돈
"연휴-추석 당일,연휴-설날 당일",영업시간:매일 11:00 ~ 21:00,"30년 넘게 운영되어 옛날돈까스, 그 맛을 가지고 있는 돈까스 맛집입니다. 저렴한 가격의 돈까스와 소스의 향이 잘 어우러진 함박스테이크 메뉴를 많이 주문합니다. 오랜 시간 변함없는 맛으로 꾸준히 사랑받고 있습니다.","돈까스:7000,치즈까스:8000,비후까스:9000,함박스텍:8500,생선가스:8000",특제소스로 맛을 내 특별한 돈가스,대구광역시 중구 동성로6길 2-23,전원돈가스
"연휴-설날 전일,연휴-추석 당일,정기휴무-매주(일),연휴-추석 전일,연휴-설날 당일",영업시간:매일 11:30 ~ 00:00/휴식:매일 15:00 ~ 17:30,"전국 각지의 신선한 재료를 공수받아 사용하는 남도음식 전문 한식당입니다. 간단한 한끼 식사는 물론이고 지평 막걸리나 크롬바커 생맥주를 곁들인 안주로도 손색이 없는 다양한 메뉴들을 자랑합니다. 얇게 저민 소고기를 노릇하게 부쳐낸 육전이나 감자전, 완도에서 직접 공수한 홍어사합, 2년이상 묵은지만 사용하는 돼지고기 묵은지 등과 오늘의 추전요리가 있습니다.","한우육회낙지:55000,산호정식:65000,육회비빔밥:13000,돌문어숙회:38000,꽃게탕:50000",남도 음식을 맛볼수 있는 한식당,서울특별시 강남구 논현로175길 111,산호
연중무휴,영업시간:매일 12:00 ~ 22:00/영업시간:주중 15:00 ~ 18:00,캐주얼 프렌치 레스토랑입니다. 오너셰프인 오세득씨가 직접 조리장을 맡아 독특한 조리법으로 만들어진 요리를 맛볼 수 있습니다. 넓은 공간에서 편안한 식사를 하실 수 있으며 양갈비 스테이크가 인기메뉴입니다.,"단품메뉴:20000,런치코스:59000,디너 프리픽스:100000,디너 테이스팅:140000",양갈비 스테이크로 인기인 프랑스 식당,서울특별시 서초구 동광로 164,줄라이
정기휴무-매주(일),영업시간:매일 17:00 ~ 00:00,"작고 오래된 느낌의 실내가 정감있는 분위기를 선사하는 곱창 전문점입니다. 대창과 곱창, 수제비, 당면을 푸짐하게 넣은 얼큰한 곱창전골이 대표메뉴입니다. 누린내 없이 깔끔하게 즐길 수 있어서 좋습니다.","곱창전골:10000,볶음밥:2000,낙곱전골:10000,계란말이:5000,라면/칼국수사리/공기밥:1000",푸짐한 곱창전골이 맛있는 한식당,부산광역시 부산진구 신천대로 290,마산곱창
연중무휴,영업시간:매일 10:00 ~ 05:00,‘프로간장게장’은 국내에서 최초로 바다 꽃게를 간장게장으로 상품화하여 판매하기 시작한 곳입니다. 국내 유명인사를 포함하여 외국인 관광객들에게도 많은 사랑을 받고 있습니다. 대표 메뉴는 집안 대대로 내려오는 비법 간장을 이용하여 깊은 맛을 살린 ‘간장게장’. 자극적이지 않고 삼삼하면서도 은은하게 단맛이 돌아 부담 없이 즐기기 좋습니다.,"간장게장:78000,양념게장:82000,산낙지:30000,게알비빔밥:25000,꽃게찜:73000",은근한 감칠맛이 올라오는 간장게장,서울특별시 서초구 강남대로97길 9,프로간장게장
"연휴-설날 전일,연휴-추석 익일,연휴-설날 대체공휴일,연휴-설날 전체,연휴-추석 당일,연휴-설날 익일,연휴-추석 전일,연휴-설날 당일,연휴-추석 대체공휴일,연휴-추석 전체",영업시간:매일 11:00 ~ 22:00/휴식:주중 15:00 ~ 17:00,"손님상에 올라가는 음식은 모두 주문과 동시에 조리를 시작하는 ‘아야진생태찌개 본점’. 대표 메뉴 ‘생태찌개’는 얼큰한 국물에 생태와 두부, 무, 쑥갓을 넣고 즉석에서 끓여 먹습니다. 시원 칼칼한 국물과 입안에서 부드럽게 부서져 내리는 생태의 조화가 일품입니다. 통통한 코다리 살에 콩나물이 아삭한 식감을 더하는 ‘콩나물 코다리찜’도 인기입니다.","생태찌개:18000,콩나물코다리찜:35000,통문어:0,골뱅이:0,해물모듬:0",시원하고 얼큰한 생태찌개 맛집,서울특별시 강남구 삼성로108길 8,아야진생태찌개 본점
연중무휴,,"남대문 시장 기업은행 앞 노점에 자리한 호떡가게입니다. 하루에 1,000개의 호떡을 판매하는 곳으로 줄을 서서 기다려야 먹을 수가 있습니다. 넉넉히 들어간 잡채에 각종 야채를 버무려 기름에 구워낸 야채호떡이 인기이며 사과, 피망 등의 수제 과일 간장소스를 발라 구워 내는 것이 특징입니다.","꿀호떡:1000,야채호떡:1000",줄 서서 먹는 남대문 명물 호떡집,서울특별시 중구 남대문로 12,남대문야채호떡
정기휴무-매주(수),영업시간:주중 08:30 ~ 17:30/영업시간:주말 08:30 ~ 18:30,"경주 향교 근처에 위치한 교리김밥은 전국 3대 김밥 중 하나입니다. 두툼한 두께와 김밥 속을 반쯤 채운 잘게 썬 계란지단이 특징입니다. 40년의 전통의 김밥으로, 조미료 맛이 없고 속재료가 간단해서 소화도 잘되 가볍게 즐기기 좋습니다.","김밥:3500,잔치국수:5000",두툼하고 건강한 김밥이 맛있는 곳,경상북도 경주시 탑리3길 2,교리김밥 본점
,영업시간:매일 11:00 ~ 21:00,"1951년부터 한결같은 맛을 내고있는 냉면 맛집입니다. 이곳이 본점이고 대구 들안길 등을 비롯해 천안, 대구 등 다른 지역에도 십여 곳의 분점이 운영되고 있습니다. 물냉면 외에도 냉면을 양푼 그릇에 담은 후 주먹밥 한 덩이를 넣고 김칫국물로 말아낸 '김치마리국수'도 이 집의 별미입니다. ","물냉면:8000,비빔냉면:8000,김치말이:8000,회냉면:8500",오랜 전통의 평양식 냉면,대구광역시 중구 교동길 27-8,강산면옥
"연휴-설날 당일,정기휴무-매월 셋째주(목),연휴-추석 당일",영업시간:매일 10:30 ~ 20:00,"일반 흙집을 개조하여 만든 곳으로, 앞마당의 대추나무와 싸리나무 담장 등 옛날 시골집을 분위기입니다. 청국장과 콩비지에 우거지 볶음과 오징어 무침, 돼지 껍데기, 각종 나물 반찬을 한상 차려냅니다. 숯불에 구운 불고기를 곁들이는 손님이 많습니다. 김치를 비롯한 밑반찬과 된장, 집간장, 두부 등은 포장 판매를 하고 있습니다. 예약은 15인이상 가능합니다.","우거지 정식:7000,참숯불고기:8000",우거지 정식이 인기인 한식당,경기도 포천시 소흘읍 죽엽산로 425,욕쟁이할머니집
정기휴무-매주(월),영업시간:매일 00:00 ~ 00:00,"‘농민순대’는 저렴한 가격과 푸짐한 양으로 인근 주민들의 식사를 책임져 왔습니다. 2017년 매장 확장 이전을 하며 보다 넓고 쾌적한 공간에서 식사를 할 수 있게 되었습니다. 대표 메뉴는 잡뼈를 섞지 않고 국산 사골과 돼지머리 뼈를 푹 고아 만든 육수로 맛을 낸 ‘국밥’. 진한 사골국물에 머리 고기, 허파, 순대, 간 등의 내장과 밥을 토렴한 뒤 양념장을 올려 제공합니다. 짙은 풍미가 입맛을 자극하는 국밥은 기호에 따라 들깻가루와 파무침을 넣어 즐기면 됩니다. 토렴 과정을 거쳐 밥알 사이사이 국물이 스며들어 간이 고루 배어있는 밥과 푸짐하게 들어있는 내장이 속을 든든하게 채워줍니다.","국밥:5000,국수:3000,순대:8000,내장전골/볶음:6000,막창구이:6000",넉넉한 인심이 느껴지는 국밥 한 그릇,대전광역시 중구 충무로 138,농민순대
"연휴-추석 당일,연휴-설날 당일",영업시간:매일 07:00 ~ 21:00,강화에서 가장 오래되었다고 알려진 식당. 강화도 특산 음식인 순무김치과 꽁치조림 등 10가지 이상의 반찬이 나오는 한식백반으로 유명하지요. 그 외에 병어찌개나 석회 등도 맛볼 수 있습니다.,"한식백반:5000,대구찌개:5000,병어찌개:20000,간장게장:15000,불고기:10000",강화에서 가장 오래된 한식 백반집,인천광역시 강화군 강화읍 신문리 184-1,우리옥
"연휴-추석 당일,연휴-설날 당일",영업시간:매일 10:00 ~ 21:00/저녁 LO:매일 20:00 ~ :,국내산 민물장어를 강화도 갯벌에서 70일 이상 풀어서 키운 강화갯벌장어 숯불구이를 맛볼 수 있는 곳입니다. 취향에 따라서 고추장 베이스 특제 소스에 담가서 양념구이로 먹을 수도 있습니다. 장어를 드신후에 제공되는 장어죽도 별미입니다.,"민물장어 :40000,갯벌장어:50000",힘 좋은 장어 숯불구이 맛집,인천광역시 강화군 선원면 더리미길 2,일미산장숯불장어
연중무휴,영업시간:매일 10:00 ~ 22:00,"메기, 붕어, 빠가사리 등 민물고기 매운탕을 전문으로 하는 한식당입니다. 가장 인기 있는 것은 메기 매운탕인데요. 어떤 매운탕이든지 수제비와 라면 사리는 무료로 무제한 제공됩니다. 시래기를 넣어 끓이는 붕어찜도 별미로 인기입니다. 예약은 단체만 가능합니다.","메기매운탕 (소, 중, 대):35000,메기+빠가사리매운탕 (소, 중, 대):40000,메기+참게매운탕 (소, 중, 대):40000,빠가사리 매운탕 (소, 중, 대):40000,메기+빠가+참게매운탕 (소,중,대):40000",싱싱한 민물고기 매운탕 전문 맛집,인천광역시 계양구 벌말로565번길 5,벌말매운탕
정기휴무-매주(월),영업시간:매일 11:30 ~ 22:00/휴식:매일 15:00 ~ 17:00,나폴리 현지의 맛을 그대로 옮겨놓은 화덕피자 전문점입니다. 화덕에서 직접 굽는 조리과정을 볼 수 있는 것이 특징입니다. 쫀득한 도우와 간소한 토핑이 잘 어우러져 이탈리아이의 진정한 맛을 선사합니다.,"마리나라:9800,마르게리타:12000,루꼴라:16200",바삭한 화덕피자와 파스타가 맛있는 곳,대전광역시 유성구 농대로 15,누오보나폴리
"연휴-설날 전일,연휴-추석 익일,연휴-설날 대체공휴일,연휴-설날 전체,연휴-추석 당일,연휴-설날 익일,연휴-추석 전일,연휴-설날 당일,연휴-추석 대체공휴일,연휴-추석 전체",영업시간:매일 16:00 ~ 05:00,생생정보통 대결맞수 회기역 맛집 이모네파전은 회기역 근처의 파전 골목에서 가장 끝에 있습니다. 파전 골목에 파전 집이 많은데 그 중에 줄을 가장 길게 서는 곳입니다.  세트 메뉴가 풍성한 편인데 A세트부터 I세트까지 9가지 세트가 있습니다.  가격은 가장 싼 파전+도토리묵+떡볶이+옥수수콩이 15000원. 가장 비싼 세트는 파전+생선구이 +닭도리탕이 포함된 메뉴로 27000원입니다. 어느 세트나 떡볶이와 옥수수 콘은 모두 포함됩니다. 회기역 맛집 이모네파전의 메인인 파전은 두툼한 게 양부터 아주 많습니다. ,"해물파전:10000,김치전:10000,꼬치:11000,모듬전:15000,고갈비:8000",비가 오면 생각나는 바삭한 파전,서울특별시 동대문구 회기로28길 12-3,이모네왕파전
"연휴-설날 전일,연휴-추석 익일,연휴-설날 대체공휴일,연휴-설날 전체,연휴-추석 당일,연휴-설날 익일,연휴-추석 전일,연휴-설날 당일,연휴-추석 대체공휴일,연휴-추석 전체",영업시간:매일 11:30 ~ 21:30,좋은 재료만 사용하는 갈비 전문점입니다. 공기밥을 주문하면 함께 나오는 된장찌개는 직접 담근 된장에 한우 갈비를 넣어 끓여 손님들에게 인기입니다. 예약은 4인 이상부터 가능합니다. ,"한우특생갈비:40000,한우생갈비:29000,한우양념갈비:29000,한우안창살:33000,한우불고기:16000,한우갈비뼈탕:9000,한우육개장:9000",품질 좋은 고기로 유명한 한우구이,대구광역시 중구 국채보상로 492,국일생갈비
연중무휴,영업시간:매일 07:00 ~ 22:00,"광주 서구 풍암동에 위치한 '베비에르과자점'입니다. 10여 년간 운영하고 있는 제과점으로 당일 생산, 당일 판매하는 신선한 빵을 맛볼 수 있는 곳입니다. 천연 발효종 요거트 발효종을 사용하여 마음 놓고 먹을 수 있는 건강한 빵입니다. 하루 3~4번 이상 200여 가지의 빵을 구워내어 다양한 종류의 빵을 맛볼 수 있는 곳입니다. 김탁구빵이 대표 메뉴입니다. ","김탁구빵:2000,올리브치아바타 :2500,당근크림치즈케이크:3800,에멘탈치즈빵:3100,엘리게이터:4100",광주 시민들의 친구 같은 빵집,광주광역시 서구 풍암중앙로 37,베비에르과자점
정기휴무-매주(월),영업시간:매일 09:00 ~ 15:00,"대구탕과 알곤탕으로 유명한 한식당입니다. 다양한 TV 맛집 프로그램에 소개된 적이 있을만큼 유명한 곳입니다. 얼큰하게 끓인 탕류가 주 메뉴이며 그 외에 아구찜, 뽈찜도 이 집의 인기 있는 메뉴입니다.","섞어탕1(알 곤 대구):9000,섞어탕2(알 대구):9000",오랜 전통의 시원한 대구탕,대구광역시 남구 봉덕로1길 52-1,청학식당
연중무휴,영업시간:매일 12:00 ~ 20:00,"옹기 항아리 벽에 반죽을 구워내는 중국식 만두의 일종인 '옹기병(餠)' 전문점입니다. 고기소를 넣어 굽는 맛이 가장 인기가 많은데, 높은 온도에서 순식간에 굽기 때문에 육즙과 풍미가 빠지지 않고 꽉 찬 것이 특징입니다.","고기(검정깨):2000,고구마(흰깨+검정깨):2000,단호박(흰깨):2000",중국식 화덕 만두로 유명한 곳,인천광역시 중구 차이나타운로 50-2,십리향
"정기휴무-매월 넷째주(월),연휴-추석 전일,연휴-설날 당일,연휴-추석 대체공휴일,정기휴무-매월 둘째주(월),연휴-추석 전체,연휴-설날 전일,연휴-추석 익일,연휴-설날 대체공휴일,연휴-설날 전체,연휴-추석 당일,연휴-설날 익일",영업시간:매일 12:00 ~ 21:30,"50년이 넘은 대신동의 곱창 전문점인 '옛날오막집'. 양, 곱창, 대창, 갈비 등 다양한 메뉴가 준비되어 있는데 소금으로 양념된 '백특양'만 제외하고 모두 양념이 되어 나오는 것이 특징입니다. 이 집만의 비법 양념은 곱창의 누린내를 완벽하게 제거하여 더욱 깔끔합니다.","특양 (150g):32000,대창 (150g):30000,밥창 (150g):30000,곱창 (150g):30000,양 (150g):30000",질기지 않고 고소한 맛의 양곱창,부산광역시 서구 구덕로274번길 14,옛날오막집
정기휴무-매주(일),영업시간:매일 17:00 ~ 23:30,MBC 생방송 전국시대에 소개된 매운 등갈비 전문점입니다. 돼지 등갈비 냄새를 없애기 위해 비법 재료를 더해 초벌구이를 하여 내놓는 것이 특징입니다. 야들야들한 육질과 맛깔나는 양념으로 인기가 많습니다.,"매운 양푼갈비찜:25000,등갈비 석쇠구이(3인분기본):10000",초벌구이를 해서 내오는 등갈비 맛집,대전광역시 동구 동대전로 287,박가네
,영업시간:매일 16:00 ~ 01:00,부산 사상에서 알아주는 돼지 구이 맛집입니다. 저렴한 가격으로 푸짐한 안주를 즐길 수 있으며 부담없이 술 한 잔 마시기 좋은 곳입니다. 통삼겹살과 메추리 소금구이가 대표 메뉴입니다. 예약은 7명 이상 단체만 가능하니 방문 시 참고 바랍니다.,통삼겹살:10000,푸짐한 양의 돼지고기 구이 전문점,부산광역시 사상구 사상로233번길 34,사상꼬리집
연중무휴,런치:매일 11:30 ~ 15:00/디너:매일 17:30 ~ 22:00,"한강과 서울 도심이 한눈에 내려다 보이는 유럽 정원풍 분위기의 가든 레스토랑입니다. 와인과 위스키를 즐길 수 있는 바로 구성되있으며 런치, 디너, 와인바 이용시간이 각각 상이하니 확인 후 방문할 것을 추천합니다. 로맨틱한 분위기로 특별한날에 방문하면 좋은 곳입니다.","런치A:75000,런치B:63000,Olivia:98700,Lucir:125000,Salad Bar:49000",전망이 아름다운 유럽풍의 다이닝바,서울특별시 영등포구 63로 50,워킹온더클라우드
"연휴-설날 당일,연휴-설날 전일,연휴-추석 당일,연휴-추석 전일",영업시간:매일 11:30 ~ 22:50/저녁 LO:매일 21:50 ~ :,"20년동안 계양구 효성동에서 맛집으로 인정받았던 닭갈비 집 입니다. 춘천 스타일의 국물이 많은 물닭갈비를 판매하고 있습니다. 전골 냄비에 닭과 야채, 밀떡을 양념에 잘 졸여먹으면 밥반찬이나 안주로도 그만입니다. 음료가 무료로 제공되므로 가족단위 식사에도 추천할 만 합니다.","닭갈비 특대(5인):41000,닭갈비 대(4인):35000,닭갈비 중(3인):29000,닭갈비 소(2인):23000,어린이 돈가스:5500",시원 칼칼한 국물의 닭갈비 전문점,인천광역시 계양구 오조산로57번길 7,성원닭갈비
,영업시간:매일 11:00 ~ 21:00,정오에는 이미 손님들로 북적여 대기표를 뽑고 기다려야 하며 해물짬뽕의 얼큰하고 시원한 맛은 해장용에 제격입니다. 모든 메뉴는 밥으로 대체하거나 곱배기가 가능합니다. 짬뽕전문점이지만 오동통한 칠리새우와 쫄깃한 찹쌀탕수육도 못지 않게 잘 나갑니다.,"갈마짬뽕:8000,갈마불짬뽕:9000,짜장:6000,게살볶음밥:8000",줄을 서서 먹는 해물짬뽕 전문점,대전광역시 서구 월평동로 5-11,갈마짬뽕
연중무휴,영업시간:매일 10:30 ~ 21:00,"만인산자연휴양림 내 만인산휴게소에 위치한 20년 전통의 대전 대표 호떡 전문점입니다. 호떡, 가래떡, 어묵 등을 판매합니다. 1994년 시작한 곳으로 2009년 상표등록을 하고 봉이호떡을 브랜드화시켰습니다. 호떡은 밀가루 반죽믹서를 사용하지 않고 찹쌀에 중력밀가루. 옥수수전분 등을 섞어 반죽을 한 후 24시간 숙성을 시켜 만들며 고명에는 견과류가 들어가는 것이 특징입니다. 맥반석에 구운 가래떡도 인기메뉴입니다.","봉이호떡:1200,가래떡:1000,어묵:3000",오랜 전통의 달콤한 호떡 전문점,대전광역시 동구 산내로 111,봉이호떡
연중무휴,영업시간:매일 09:00 ~ 20:30,"인제군 현리 맛집으로 유명한 식당입니다. 쏘가리매운탕, 추어탕, 메기매운탕 등의 메뉴가 준비되어 있습니다. 채소와 생선이 듬뿍 들어가있으며 깔끔한 국물이 일품입니다. 취향에 맞게 사리를 추가하여 맛볼 수 있습니다. ","쏘가리매운탕 대:120000,추어탕:8000,메기매운탕:25000",깔끔한 국물이 일품인 매운탕 맛집,강원도 인제군 기린면 한석산로 3150,이교매운탕
,영업시간:주중 10:30 ~ 20:00,"짜장면, 짬뽕, 탕수육 등 다양한 종류의 중화요리를 즐길 수 있는 중식당이다. 저렴한 가격대로 품질 높은 쫄깃한 면발이 일품인 짜장면과 얼큰한 짬뽕 등을 즐길 수 있다. ",,중화요리전문점,충청남도 계룡시 엄사면 양정향한길 16-5,신도반점
연중무휴,영업시간:주중 11:00 ~ 22:30,"한우, 소고기, 흑돼지까지 3개의 테마로 운영되고 있는 제주 최대 규모의 한우맛집입니다. 크고 깔끔한 분위기때문에 단체,외국인 관광객들에게 인기가 좋은데요, 육회와 소 생갈비가 인기가 많습니다.",한우 양념갈비:22000, 3가지 테마의 고기집,제주특별자치도 제주시 고사마루길 6,제주늘봄
"정기휴무-매주(월,화)",영업시간:매일 11:00 ~ 20:00,"부산 가락타운3단지후문 부근에 위치한 '이조김밥'입니다. 매일 신선한 재료로 김밥을 만들어 제공하는 식당입니다. 대표메뉴로 이조김밥이 있으며 그 밖에 야채김밥, 소고기김밥, 땡초참치 등이 있습니다. ","이조김밥:3000,야채김밥:3000,참치김밥:3500,소고기김밥:3500,땡초참치:4000,땡초소고기김밥:4000,라면:4000,떡볶이:7000,육개장:7000,떡국:7000,떡만둣국:7500,돈까스:7000,비빔밥:7000,육개장:7500",부산 합리적인 가격의 김밥 맛집,부산광역시 사하구 동매로 16,이조김밥
정기휴무-매주(일),,"이곳은 강원도 토속 음식점인 강영월감자옹심이의 창업자인 박성배 씨가 직접 운영하는 곳으로, 강원도 토속음식을 현대식으로 재해석하여 코스 요리로 선보이고 있다고 합니다. 꽃과 나무들이 어우러진 식당 앞 정원이 자연의 정취를 느끼게 해주는 곳이기도 합니다. 토요일 11:00~21:30","영월정식:9900,동강정식:13900,어린이메뉴_한돈까스 세트:7800,어린이메뉴_궁중떡갈비볶음밥 세트:6800",예약제로만 운영되는 한정식집 ,인천광역시 남동구 수산동 180-3,산너머남촌 인천본점
연중무휴,영업시간:주중 12:00 ~ 22:00,"가수 최진희씨가 운영하는 퓨전한식집 사랑의미로 입니다. 활어회와 등갈비, 대구홍초 등 10여가지 음식으로 구성된 사랑정식이 인기입니다.","첫사랑 1인분:13000,어머니밥상 1인분:14900,사랑의 미로 1인분:18000,카페에서 1인분:23000,물보라 1인분:27000",가수 최진희씨가 운영하는 퓨전한정식,경기도 의왕시 학현로 170-23,최진희의 사랑의미로 퓨전한식
정기휴무-매주(월),영업시간:주중 12:00 ~ 21:00,"다국적 요리의 콘셉트에 따라 인테리어를 다르게 하여 개성적인 분위기를 느낄 수 있는 곳이지요. 직접 맷돌을 돌려 갈아 먹는 콩국은 만들어 먹는 재미가 있는 인기 메뉴라고 합니다. 수족관에서 직접 생선을 꺼내 썰어주는 회 메뉴, 스테이크와 탕수육, 즉석 삼겹살구이와 갈비찜도 많이 찾는 요리지요. 많이 기다라시지 않으려면 예약은 필수입니다.","평일런치:11000,평일디너:16500,주말:22000,금요일 점심:15000,금요일 저녁:19800",한식 밑반찬이 푸짐해 유명한 뷔페 ,경상남도 진주시 강남동 219 2층,삼성패밀리뷔페 
,,"질과 맛이 남다른 원육을 자랑하는 송도이동갈비와 하늘과 땅 아래 최고의 갈비맛을 추구하는 천지연  두 개의 브랜드를 동시에 만나볼 수 있는 이 곳은, 송도이동갈비 천지연 분당 판교브릿지타워점입니다. 특제양념으로 잰 질 좋고 남다른 맛을 자랑하는 갈비는 많은 양을 추구하는 갈비가 아닌  품질로 인정받고 있는 갈비로 현대적인 감각과 지혜로운 전통의 우아한 실내공간은 덤으로 드립니다.","[점심] 한돈양념구이쌈밥정식:15900,[점심] 이동숯불갈비쌈밥정식2대:19800",질과 맛이 남다른 이동갈비,경기도 성남시 분당구 판교로227번길 6,송도이동갈비 천지연 판교브릿지타워점
"연휴-설날 전일,연휴-추석 익일,연휴-설날 대체공휴일,연휴-설날 전체,연휴-추석 당일,연휴-설날 익일,연휴-추석 전일,연휴-설날 당일,연휴-추석 대체공휴일,연휴-추석 전체",영업시간:주중 11:00 ~ 22:00,두툼한 제주산 흑돼지를 맛볼 수 있는곳으로 맛이 좋아 찾는사람이 많은편이다. 진한 국물 맛이 일품인 한우 국밥은 양이 넉넉하고 국물이 진해 인기가 많다. 항아리에 양념을 푹 재어 만든 양념갈비도 맛이 좋다,"한우국밥:7000,흑두부전골:20000,항아리양념갈비 300g:14000,항아리매운양념갈비 300g:15000,한우육회 120g:15000",두툼한 제주산 흑돼지 전문점,제주특별자치도 제주시 구남동5길 42,태백산 3호점
연중무휴,영업시간:주중 07:30 ~ 22:00/영업시간:주말 09:00 ~ 22:00,"클래식한 느낌을 주는 은은한 조명이 빛나는 곳입니다. 유럽풍 인테리어의 실내 공간이 특히 아름답습니다. 인기 메뉴는 파니니, 리코타 치즈샐러드, 스프 등이 있으며 이 집의 대표 음료인 청포도 주스도 많이 사랑받고 있습니다.","리코타치즈샐러드:13900,모짜렐라토마토파니니:9800,청포도주스:5200,마마스스프:7400",리코타 치즈 샐러드와 파니니 맛집,서울특별시 서초구 서운로 138,카페마마스 강남역점
연중무휴,영업시간:주중 11:00 ~ 21:00,"생선모듬찜은 갈치, 조기, 명태 등의 싱싱한 생선과 감자를 매콤한 양념으로 버무려 나옵니다. 아구찜, 가오리찜, 해물찜 등 다양한 생선찜 요리를 맛볼 수 있습니다. ","생선모듬찜류:23000,해물찜류:25000",생선모듬찜이 인기메뉴인 한식당,강원도 삼척시 남양동 7-6,삼척해물 
,영업시간:매일 11:30 ~ 22:30,"양념 소갈비가 맛있는 외식의 명가, 외식1번가입니다. 모임하기도 좋고 가성비도 뛰어나서 많은 손님들이 찾고 있습니다. 질 좋은 고기에 맛깔나게 양념한 양념 갈비는 어린아이부터 어른까지 모두의 입맛을 충족시켜주고 있습니다.","갈비살 양념구이 250g:21000,양념갈비(300g):24000,즉석양념갈비살(180g):22000,生진갈비살(150g):25000,生갈비살 소금구이(180g):22000",신선한 수입육들을 맛볼 수 있는 곳,부산광역시 연제구 월드컵대로 201,외식1번가 연제점
,영업시간:주중 17:00 ~ 02:00,가끔 매운 음식이 생각날 때 들리는 신신불닭발. 제주시 제원사거리 먹자골목에 위치해서 새벽에도 자리가 없을 정도. 서울에선 찾아보기 힘든 불닭집이 제주에선 아직 인기가 많다. 많은 불닭집 중에서도 인기가 많은 신신불닭발. 미리 만들어 뒀던 동글동글 김가루밥까지 세팅. 매운 불닭 하나 먹고 김가루 주먹밥 하나 먹고. 매운맛도 중화되고 불닭을 더 맛있게 먹을 수 있는 방법 중 하나.ㅎ 혀가 마비될 정도로 화끈하게 맵지만 자꾸만 손이 가는 불닭.,매운닭발:13000,맵지만 자꾸만 손이 가는 불닭.,제주특별자치도 제주시 신대로16길 42,신제주신신불닭발
연중무휴,영업시간:주중 11:30 ~ 22:00,일식에 한식을 더한 한정식입니다. 최고의 일식전문가들이 만들어낸 작품을 맛보실수 있습니다.,"사시미정식:38000,초밥:20000",일식에 한식을 더한 삿뽀로 한정식,경상북도 구미시 송선로 514,삿뽀로 구미점
연중무휴,영업시간:주중 11:00 ~ 21:00,"주꾸미, 홍합, 새우 등 해물이 그릇 위에 듬뿍 올려져서 나오는 것이 이 곳 짬뽕의 특징","짬뽕:7000,탕수육:20000,홍합해물 짬뽕:8000",해물탕st 짬뽕이 인기있는 중식당,충청북도 청주시 청원구 율량로 30,율량반점
,,간판 없이 주소지로 불리는 와인 바 ‘청담동 6-3’. 높은 천정과 절제된 조명이 로맨틱한 분위기를 더하는 곳이다. 성게 알을 곁들인 감자 등 파인다이닝 레스토랑 출신 셰프가 선보이는 독창적인 요리를 맛볼 수 있다. 내추럴 와인 중심의 와인 리스트는 변동될 수 있으며 11월 중순까지 가오픈 기간으로 운영되니 참고할 것.,"소프트쉘 크랩튀김:26000,한우 카르파치오:32000,푸아그라:42000,부라타치즈:26000,라디치오 샐러드:18000,모시조개:18000,라다치오 샐러드:19000,보리리조또:32000",프랑스 감성 속 와인 앤 다이닝,서울특별시 강남구 삼성로149길 8,청담동 6 - 3
연중무휴,영업시간:주중 11:30 ~ 21:30,세련된 분위기에서 여러 요리를 즐기는 씨푸드 뷔페,"평일점심:15900,평일저녁:19900,주말/공휴일:23900",세련된 분위기의 씨푸드 뷔페,강원도 원주시 시청로 3,뷔페디누보
정기휴무-매주(월),영업시간:주중 12:00 ~ 22:00/영업시간:주말 11:00 ~ 22:00,경기 광명에 위치한 캠핑장 분위기의 바베큐 맛집. 캠핑 장비 없이 캠핑 온 기분으로 맛있는 꽃등심을 즐길 수 있다. ,"꽃등심:18000,이베리코:10000,갈비살:21000,삼겹살:6900,목살:6900,꽃등심:0,이베리코:0,갈비살:0,삼겹살:0,목살:0,공기밥:1000,된장찌개:3000,김치찌개:4000,물/비빔냉면:5000",캠핑 분위기의 바베큐 맛집,경기도 광명시 가학로 177,금천한우타운
,영업시간:매일 07:00 ~ 00:00,"동작대교에 위치한 '이마트24 동작구름카페'는 이마트24에서 운영하는 곳으로, 편의점과 결합된 이색적인 카페이다. 창문이 통유리로 되어 있어 아름다운 한강 뷰를 감상할 수 있고 야외 루프탑 공간도 마련되어 있다. 편의점 군것질은 물론 간단한 스낵류와 와인, 병맥주, 커피 등도 저렴한 가격에 판매하고 있으며, 셀프 계산대에서 직접 계산이 가능하다. 별마루 한강라운지에서 책을 빌려 읽거나 구매도 가능하다고 하니 참고할 것.","아메리카노:2000,카페라떼:3000,데블스도어 페일에일:8000,쟌슨빌 핫도그:3000,순살치킨 후라이드:15000",동작대교에 위치한 전망 좋은 카페,서울특별시 서초구 동작대로 350,이마트24 동작구름카페
"연휴-추석 당일,연휴-설날 당일",영업시간:매일 11:30 ~ 22:00,"독립된별실과 층별로 좌식,입식으로 구성되어있어 손님접대, 가족모임,상견례로 유명한 곳입니다. 어린이메뉴도 준비되어있으며 가격대별 코스요리가 다양하게 준비되어 있습니다. ","점심특선:15000,즐거운 상차림:28000,행복한 상차림:35000", 상견례 장소로 인기있는 한정식집,서울특별시 관악구 봉천로12길 17,바달비
,영업시간:주중 11:00 ~ 22:00,양푼이 갈비찜은 많이 맵지않은 양념이 매우 독특하고 맛깔스럽습니다.,양푼이갈비찜:12000,갈비찜이 맛있는 곳,대구광역시 동구 율하동로24길 60-1,대구가든
,,"강원도 철원에 위치한 도사왕족발식당은 주로 배달이 많은편이고 야식으로 유명하다.가격대는 많은 족발집과 비슷하며, 양이 많고 서비스가좋아서 인기가 좋은식당이다.",,철원의 야식족발맛집 도사왕족발,강원도 철원군 갈말읍 명성로 144,도사왕족발
정기휴무-매주(일),영업시간:주중 11:00 ~ 21:00,"이곳은 해물찜에 등뼈가 들어가는 등뼈 해물찜이 인기인 곳입니다. 담백한 등뼈가 푸짐하게 들어가있으며, 각종 해물을 곁들여 색다른 맛을 느끼실 수 있습니다.","모듬별난찜:29000,볶음밥:2000",등뼈와 해물찜의 독특한 만남,충청북도 충주시 단월동 127,별난찜
정기휴무-매주(월),영업시간:주말 12:00 ~ 00:30,통닭으로 유명한 용성통닭의 만석공원직영점. 닭모래집과 닭발이 서비스로 제공된다. 프라이드치킨이 인기 메뉴. 배달은 불가하고 포장은 가능하다. ,"프라이드치킨:14000,후라이드치킨:15000,가마솥통닭:15000,반반치킨:16000,양념치킨:16000",프라이드치킨이 인기,경기도 수원시 장안구 송죽동 272-75,용성통닭 만석공원직영점
정기휴무-매주(월),영업시간:주중 10:00 ~ 17:00,"커다란 오뎅과 두툼한 떡을 넣고 넉넉한 국물에 끓여내는 떡볶이와 김말이 등의 여러 종류가 준비되어 있는 튀김, 참기름을 듬뿍 발라내는 김밥이 인기이지요. ","김밥:1000,떡볶이:2500,튀김:1000,오뎅:1000",연동에 위치한 분식맛집,제주특별자치도 제주시 연동 261-18,제원분식 
연중무휴,영업시간:매일 11:30 ~ 22:00,"분위기 좋은 한정식집입니다. 코스에 나오는 음식 가지 수가 많으며, 조리방법이 다른 음식들로 코스가 구성돼서 음식을 맛보는 재미가 있습니다. 비교적 저렴한 가격으로 정갈한 한식 코스를 즐길 수 있습니다.","점심특선:18000,산수화:25000,담채화:38000,채색화:58000",분위기가 좋은 한정식 전문점,경기도 안양시 동안구 시민대로 161,이웃사촌
,영업시간:주중 11:30 ~ 22:00,신선한 재료로 만든 다양한 일식요리를 맛볼 수 있는 곳. 멋진 정원과 아늑한 공간이 함께 어우러져 분위기가 좋다.,"점심코스:25000,저녁코스:35000",작은 정원과 연못이 있는 일식집,부산광역시 서구 망양로 23,청죽
연중무휴,영업시간:매일 11:00 ~ 22:00,"스시&그릴 뷔페. 애슐리에서 만든 일식 스시뷔페 브랜드. 20여 가지가 넘는 스시와 롤, 샐러드, 면요리, 볶음밥, 튀김, 디저트, 그릴요리 등으로 구성되어 있으며 스시는 냉동알밥을 사용하지 않는다. 연어 참깨 사시미, 연어롤 등 연어 요리섹션이 따로 마련되어 있다. 100분의 이용시간 제한이 있으며  점심은 5시까지, 저녁은 5시 시작. 예약은 런치에는 11시~11시30분까지만 가능, 디너는 오후6시까지만 가능하며, 주말에는 디너예약을 받지 않습니다.","평일 점심:12900,평일 저녁, 주말, 공휴일:19900",스시&그릴 뷔페,서울특별시 종로구 종로3길 17 D타워 리플레이스 광화문 4층,수사 광화문 디타워점
연중무휴,,"레몬탕수육과 볶음짬뽕이 유명한 오래된 중국집. gtb sbs 열린방송에서 맛집으로 선정 된 곳. 짜장면을 제외한 모든 음식은 대량으로 요리 후 데워나가는 형식이 아니라 재료의 신선함을 유지하기 위해 주문과 함께 정성스레 조리한다. 주 메뉴로는 볶음짬뽕, 굴짬뽕, 불해물쟁반, 짜장면, 레몬탕수육  등이 있다. 모든 음식의 재료는 당일 준비 원칙으로 재료가 다 떨어지면 주문이 불가능하며 전 메뉴 포장 가능하다. ","볶음짬뽕:7000,레몬 탕수육 소:20000",레몬탕수육과 볶음짬뽕 전문,강원도 동해시 평원로 20,만강홍
,,철원맛집 와수리 장충왕족발보쌈. 족발과 보쌈을 푸짐하고 맛있게 먹을 수 있다. 포장 배달도 가능하기 때문에 편하게 이용할 수 있다.,,철원맛집 와수리 장충왕족발보쌈,강원도 철원군 와수로 175-1 놀러와PC방,장충왕족발보쌈
"연휴-설날 전일,연휴-추석 익일,연휴-설날 대체공휴일,연휴-설날 전체,연휴-추석 당일,연휴-설날 익일,연휴-추석 전일,연휴-설날 당일,연휴-추석 대체공휴일,연휴-추석 전체",영업시간:주중 11:00 ~ 21:00,"조미료를 사용하지 않고, 야채를 위주로 건강식을 만드는 맛집입니다.야채 비빔밥, 녹차 들깨 수제비와 찹쌀 들깨 옹심이, 도토리묵, 감자전이 함께 나오는 '연우네 4인상'이 인기인데요, 각각의 메뉴는 단품으로도 즐길 수 있습니다. ","녹차들깨수제비:7000,찹쌀들깨옹심이:8000,야채비빔밥:8000,연우네 4인상:40000",건강 밥상을 만날수있는 한식당,제주특별자치도 제주시 은수길 110,연우네
연중무휴,영업시간:주중 00:00 ~ 00:00," 칼칼한 소고기 육개장, 비교적 부드러운 순두부 육개장 등 여섯 가지 육개장이 준비되어 있는데요, 메밀가루를 넣은 뽀얀 국물에 고사리를 비롯해 각종 야채와 함께 푹 익혀내는 '제주 육개장'이 별미로 인기가 높지요. ","소고기 육개장:7000,버섯 육개장:8500,제주 육개장:7000", 제주식 육개장 맛집,제주특별자치도 제주시 노형동 944-20,가품
"연휴-설날 전일,연휴-추석 익일,연휴-설날 대체공휴일,연휴-설날 전체,연휴-추석 당일,연휴-설날 익일,연휴-추석 전일,연휴-설날 당일,연휴-추석 대체공휴일,연휴-추석 전체",영업시간:매일 11:00 ~ 21:00,"기존 남양주 덕소 인근에 위치 했던 퓨전한정식 하늘정원이 인근 3~4분거리의 동막골로 자리이전하였습니다. 고객님의 많은 관심과 사랑에 다시금 감사인사드리며, 앞으로도 쉐프의하늘정원은 정성을다해 고객님을 모시도록 최선의 노력을 다하겠습니다. 건물은 식사(본관)동과 휴게동으로 나눠 운용하며, 식사후 별도의 공간에서 후식을 여유롭게 즐기실수 있습니다.","정원정식:25000,하늘정식:35000,평일점심특선:22000,정원정식:25000,하늘정식:35000,오감정식:50000",수목원 같은 정원이 있는 한정식전문점,경기도 남양주시 와부읍 경강로849번길 19,쉐프의 하늘정원
,영업시간:주중 13:00 ~ 12:30,"동두천 지행역 맛집 가장 맛있는 족발. 3대째 족발집 아들의 고집스러운 맛과 전통으로 이어져 내려온 곳이다. 족발, 보쌈, 직화불족발, 냉채족발 등 메뉴도 다양하여 골라먹는 재미가 있다.",,말그대로 가장 맛있는 족발집,경기도 동두천시 지행로 61,가장맛있는족발 동두천점
연중무휴,영업시간:매일 11:30 ~ 22:30/휴식:매일 15:00 ~ 18:00,"드라마 파스타 주인공의 실제 모델인 샘 킴이 총괄셰프로 있는 보나세라는 이탈리아어로 '저녁에 하는 일상적인 인사'를 뜻합니다. 옥상과 매장 내에서 허브와 채소를 직접 키우는 자연주의 레스토랑을 표방하고 있습니다. 합리적인 가격대의 런치코스가 인기 있고, 메뉴는 달마다 조금씩 변경됩니다.","런치 코스:43000,디너 코스:83000,파스타:30000",자연주의를 표방하는 이탈리안 레스토랑,서울특별시 강남구 도산대로45길 18-2,보나세라
"연휴-설날 전일,연휴-추석 익일,연휴-설날 대체공휴일,연휴-설날 전체,연휴-추석 당일,연휴-설날 익일,연휴-추석 전일,연휴-설날 당일,연휴-추석 대체공휴일,연휴-추석 전체",영업시간:주중 10:30 ~ 22:00,꽃게 전문 맛집,"꽃게찜, 꽃게탕, 대하꽃게찜 각 중:49000,해물찜, 해물탕 소:40000",양도 푸짐 맛도 짱,서울특별시  강서구 공항대로 272,발산동꽃게아구(맹순이꽃게찜)
연중무휴,영업시간:주중 11:00 ~ 23:30,흑돼지 생갈비와 삼겹살이 인기인 제주 흑돼지 전문점입니다. 2층으로 이뤄진 단독건물내에서 영업중입니다.별도로 요청하면 멜젓(제주도식 멸치젓갈)을 제공하는데 고기를 찍어 먹으면 특유의 조화를 느낄 수 있어 찾는 손님들이 많다고 합니다 만원에 즐길 수 있는 흑돼지 점심특선 메뉴도 많이 찾는 편이라고 합니다.  ,"삼겹살/목살 1인분:18000,양념갈비 300g:17000",제주산 흑돼지 맛집,제주특별자치도 제주시 한라대학로 12,늘봄흑돼지 
연중무휴,영업시간:주중 07:30 ~ 22:00,강릉에서 유명한 테라로사커피가 서울에 체인점을 갖고 있다. 커피외에 브런치도 인기가 많다.,"카페라떼:5000,CEO 커피:6000",강릉에 유명한 테라로사커피가 서울로,서울특별시 종로구 중학동 19 더케이트윈 B동,테라로사 광화문점
연중무휴,영업시간:매일 11:00 ~ 21:30,"합리적인 가격에 샤브와 샐러드바를 함께 즐기는 로운 샤브샤브입니다. 디너,주말,공휴일 호주산 소고기 무제한으로 정성껏 차려냅니다. 오직 잠실웰빙점에서 먼저 선보이는 특별 메뉴도 함께 만나보세요. ","(런치)소고기샤브&샐러드바(고기70g):12900,(런치)소고기 무한샤브&샐러드바:17900,(디너)소고기/무한샤브&샐러드바:19900,(런치)초등학생:9900,(런치/디너)무제한초등학생:12900",가성비 좋은 샤브샤브 뷔페,서울특별시 송파구 올림픽로 240,로운샤브샤브 롯데월드몰점
,영업시간:주중 11:00 ~ 20:00,전통있는 중국요리 전문점으로 기본에 충실한 곳이다. 방문해서 얼큰한 짬뽕과 고소하고 달달한 짜장을 먹게 된다면 왜 기본에 충실하다고 표현하는지 느낄 수 있을 것이다. 바삭바삭한 탕수육도 인기메뉴이다.,,전남 영광의 소문난 중국집,전라남도 영광군 영광읍 중앙로 189,영안반점
,,꼬르동 블루 출신의 오너 쉐프가음식을 만들어 판매하는 곳으로 제주에서 구할수있는 재료를 만들어서 더욱더 부담감없으면서 친숙한 음식점이다.대표메뉴로는 함박스테이크정식 및 강식당 얼큰고기국수가 있다.,"함박스테이크 정식:16000,강식당 얼큰고기국수:12000,강식당 순한고기국수:12000",제주 협재 맛집 강식당,제주특별자치도 제주시 한림읍 협재1길 39,강식당
"연휴-추석 전체,일일-개천절,일일-어린이날,연휴-설날 전체,일일-광복절,일일-삼일절,일일-현충일,일일-신정,일일-한글날,일일-석가탄신일",영업시간:매일 11:30 ~ 21:30/휴식:매일 15:00 ~ 17:00,성곽처럼 생긴 2층 건물의 중식당입니다. 25년 이상의 전통을 지닌 곳이지요. 고산 양파를 직접 엄선하여 들여와 재료로 사용한다고 합니다. 입구 앞에 가꾸어놓은 정원에서 휴식을 취할 수도 있어 인기 있기가 좋습니다. 이곳의 유일한 짬뽕 메뉴인 삼선짬뽕이 인기 메뉴입니다. ,"중새우칠리소스:36000,탕수육:22000,유니짜장면:7000,짬뽕:8000,호두꿀크림중새우:36000",성곽처럼 생긴 2층 건물의 중식당,전라북도 전주시 완산구 중화산동2가 646-15,이중본
정기휴무-매주(일),,"유기농 우리 농산물만 엄선하여 식재료로 쓰고 있는 웰빙 채식뷔페입니다.튀긴 브로콜리, 가지 등을 인삼향이 나는 소스와 함께 즐길 수 있는 메뉴도 이색적이어서 인기라고 하네요. 오후3시~6시까지는 브레이크 타임입니다.토요일 11:30~21:00 Break time 15:00~17:30","런치:17600,디너:19000",우리농산물로 만든 채식뷔페,경상북도 포항시 남구 대이로 80,요산재
,영업시간:매일 07:30 ~ 16:00,파주 금촌동에 위치한 현지인 떡 맛집 '좋은날떡집'입니다. 예약하고 매장을 방문해야지만 구입할 수 있는 떡 전문점으로 시그니처 '영의정 인절미'는 크기가 다른 떡집 인절미 크기의 1.5~2배 정도입니다. 인절미 반을 가르면 안에 흰 팥앙금이 들어있으며 겉은 쫄깃하고 안은 앙금이 들어있어 찹쌀떡 느낌이 나며 콩고물은 고소하고 달콤합니다. 합리적인 가격으로 속이 꽉 찬 고소한 떡을 맛볼 수 있으며 큼직한 사이즈에 맛도 좋아서 인기 만점입니다. 재고가 빠르게 품절되며 조기 마감하므로 연락 후 방문하는 것을 추천합니다.,영의정 인절미:10000,소문난 영의정 인절미,경기도 파주시 정담길 85 동문아파트,좋은날떡집 
,영업시간:주중 10:00 ~ 22:00,"강원도 철원에 위치한 수제버거, 컵밥 전문점 착한수제버거&컵밥 식당이다.위치는 대중교통 이용시 동서울버스터미널 와수리행신수리 하차 부산슈퍼 앞 에 위치하며, 간단하고 맛이좋아 사람들의 발길이 끊이지않는다고한다.",,간단하고 배부르게 먹을수있는 식당,강원도 철원군 서면 자등로 608,착한수제버거&컵밥
"정기휴무-매월 셋째주(일),연휴-추석 전일,연휴-설날 당일,연휴-추석 대체공휴일,정기휴무-매월 첫째주(일),연휴-추석 전체,연휴-설날 전일,연휴-추석 익일,연휴-설날 대체공휴일,연휴-설날 전체,연휴-추석 당일,연휴-설날 익일",영업시간:매일 12:00 ~ 01:00,"매콤하게 양념한 곱창을 석쇠에 초벌구이해서 내는 '생곱창'으로 유명한 곳인데요, 같은 양념으로 버무린 생갈비 메뉴가 준비되어 있어 취향에 따라 곱창과 함께 구워먹을 수 있는 것이 특색이지요. ","생곱창:9000,생갈비:10000,닭발:10000,닭똥집:9000", 매운 곱창구이 전문점 ,전라북도 군산시 나운동 791-1,나리곱창
연중무휴,영업시간:주중 11:30 ~ 22:00/영업시간:주말 11:30 ~ 22:00,신선하고 맛있는 다양한 스시를 양껏 먹을 수 있는 뷔페 전문점입니다. 인테리어도 고급스럽습니다. ,"평일 점심:23800,평일저녁/주말/공휴일:27800",고급스시뷔페 전문점.,서울특별시 서초구 방배천로 11,바르미스시뷔페 (파스텔시티)
,영업시간:주중 11:30 ~ 21:30,두툼한 만두피와 꽉 찬 고기소로 인기있는 만두가 인기 있는 곳입니다.,"찐만두:7000,탕수육:27000,삼선짜장면:7000",두툼하게 빚어내는 만두로 인기인집,부산광역시 서구 구덕로321번길 11,꾸냥만두
"정기휴무-매월 넷째주(월),정기휴무-매월 둘째주(월)",영업시간:매일 11:30 ~ 21:00,"단양마늘과 각종 한약재, 직접 발효한 산야초 효소로 만든 마늘청국장과 국산돼지고기, 생오리 등으로 몸에 좋은 음식을 제공하는 곳입니다. 예약은 12인 이상 시 가능하니 확인 후 방문할 것을 추천합니다.","마늘약선정식:15000,마늘수육 중:28000,사군자능이버섯전골:0,한방능이오리백숙:60000,아로니아정식:30000",몸에 좋은 마늘 약선요리 전문점,충청북도 단양군 단양읍 삼봉로 59,성원마늘약선요리
연중무휴,영업시간:매일 11:00 ~ 23:00,"무항생제 소고기를 사용하여 패티를 만들고 콩기름으로 감자를 튀겨내는 쉑쉑버거는 가격만큼이나 뛰어난 퀄리티를 자랑한다. 고기의 육즙이 살아있는 싱글쉑, 더블 쉑버거 외에 버섯을 사용한 슈룸버거도 많은 사람들에게 사랑받는 메뉴라고 하니 참고할 것. 사이드 메뉴인 감자튀김은 꾸덕한 질감의 달달한 밀크셰이크에 포옥 찍어먹으면 색다르게 즐길 수 있다.","쉑버거(single) :6900,슈룸버거(single):9400,스모크 쉑 버거(single):8900,쉑 스텍버거:12400,핫도그:4400,치즈 프라이 (감자튀김):4900,쉐이크 :5900,생맥주 Slow IPA Draft:6800,생맥주 juju blonde Ale Draft:6800,와인 Red Glass 1잔:7800",식신히어로에서 쉑쉑버거를 배달해드립,서울특별시 강남구 도산대로 327,쉐이크쉑 청담점
연중무휴,영업시간:매일 11:30 ~ 21:30,"인사동 쌈지갈 근처에 위치한 수제비가 유명한 곳입니다. 다시마 멸치를 넣어 우려낸 담백한 맛의 맑은 육수와 고추장 풀어 매콤한 육수에 끓여내는 수제비를 맛볼 수 있는데요. 손 반죽하여 졸깃한 수제비는 직접 담근 배추김치와 시원한 동치미와 함께 즐기지요. 냉 콩국수, 골뱅이무침, 해물파전 등 동동주에 즐길 안주거리가 준비되어 있으며, 식당 벽면에는 수제비를 담아내는 항아리가 가득 진열되어 있습니다. ","항아리수제비:6000,해물파전:10000,골뱅이:13000",항아리 수제비가 유명한 수제비 전문점,서울특별시 종로구 관훈동 29-2,인사동 항아리수제비
연중무휴,영업시간:주중 09:00 ~ 03:00,"양파, 대파, 감자 등의 야채와 당면을 넣고 짭조름하게 양념한 장군찜닭을 맛 볼 수 있습니다. ",장군찜닭:12000,중독성 강한 양념으로 유명한 찜닭,대구광역시 달서구 계대동문로 8,장군찜닭
연중무휴,영업시간:주중 09:00 ~ 02:00,깔끔하게 튀겨진 닭 위에 파와 생마늘을 얹어서 먹는 파닭이 대표 메뉴,파닭 한마리:19000,파닭이 인기인 치킨 전문점,충청북도 청주시 상당구 낙영로4번길 8,왕천파닭
연중무휴,영업시간:주중 09:00 ~ 21:00,"다양한 종류의 중식 요리를 맛볼 수 있는 곳. 수많은 음식 중에서도, 가장 인기 있는 메뉴이면서 독특한 음식은 비빔 짬뽕이다","비빔짬뽕:6000,속풀이짬뽕:5000,볶음밥:5500",비빔 짬뽕이 독특한 짬뽕 전문점,전라북도 전주시 덕진구 산정동 875-4,성완각 
,,"김영희강남동태찜은 싱싱한 해물로 요리하는 해물요리 전문점이다. 해물찜,아구찜,동태찜 등 여러가지 메뉴가 있다.",,해물요리 전문점 김영희강남동태찜,충청남도 금산군 금산읍 사직중앙로 37,김영희강남동태찜 충남금산점
,,"대감돌솥우렁쌈밥은 계룡시에 위치한 우렁쌈밥집이다. 게장정식,수육,쌈밥 등 다양하게 즐길 수 있다.",,대감돌솥우렁쌈밥 계룡시 맛집,충청남도 계룡시 번영로 95,대감돌솥우렁쌈밥
,영업시간:주중 11:30 ~ 22:00,"정통 일식을 부담스럽지 않은 가격으로 선보이는 런치메뉴와 가족스페셜, 여성고객을 위한 사모님 정식 등 다양한 특별메뉴가 준비되어 있습니다. 참치내장을 가지고 만든 특별 양념장에 찍어먹는 생선회가 특히 인기입니다. ","평일 런치정식:20000,평일 석식B:45000,평일 석식A:65000",일식당 삿뽀로의 등촌점,서울특별시 강서구 공항대로 347,삿뽀로(등촌점)
,,"족발, 보쌈 등을 맛볼 수 있는 맛집이다. 합리적인 가격으로 탱글하고 쫄깃한 족발, 담백한 보쌈 등을 맛볼 수 있다.",,족발전문점,전라북도 완주군 봉동읍 둔산2로 65-1,돈앤돈 족발보쌈
"연휴-설날 전일,연휴-추석 익일,연휴-설날 대체공휴일,연휴-설날 전체,연휴-추석 당일,연휴-설날 익일,연휴-추석 전일,연휴-설날 당일,연휴-추석 대체공휴일,연휴-추석 전체",영업시간:매일 12:00 ~ 21:00/휴식:매일 15:00 ~ 18:00,"200여 가지의 다양한 요리를 즐길 수 있는 프리미엄 뷔페입니다. 입구에서부터 세계 각국의 와인병들이 일렬로 길게 진열되어 있습니다. 바베큐, 즉석 스테이크부터 싱싱한 고기들로 요리하는 활어회코너까지 마치 음식의 천국에 온 듯한 기분을 만끽할 수 있습니다. ","평일 점심 대인:29000,평일 점심 소인(초등):18000,평일 점심 유아(4~7):11000,평일 저녁 대인:38000,평일 저녁 소인(초등):21000,평일 저녁 유아(4~7):14000,주말/공휴일 점심/저녁 대인:42000,주말/공휴일 점심/저녁 소인(초등):24000,주말/공휴일 점심/저녁 유아(4~7):16000",풍성하고 다양한 음식이 구비된 뷔페,대전광역시 유성구 계룡로 55,더제이뷔페
"연휴-설날 전일,연휴-추석 익일,연휴-설날 대체공휴일,연휴-설날 전체,연휴-추석 당일,연휴-설날 익일,연휴-추석 전일,연휴-설날 당일,연휴-추석 대체공휴일,연휴-추석 전체",영업시간:매일 10:00 ~ 22:00,고양시 웰빙음식 축제 수상 경력의 백숙 전문점입니다. 토종닭에 능이 버섯을 넣고 푹 고와낸 닭백숙이 대표 메뉴이지요. 능이 버섯이 기름기를 잡아주기 때문에 담백하고 깔끔한 맛을 내는 것이 특징입니다.,"능이 버섯 닭백숙:48000,닭볶음탕:40000,능이 버섯 오리백숙:50000,능이 버섯 영계탕:12000","능이 버섯을 넣어만든 닭,오리백숙",경기도 고양시 일산서구 일산로803번길 82-7,능이버섯백숙삼계탕벅벅가든
연중무휴,영업시간:매일 11:30 ~ 00:00, 여의도에 새로 오픈한 조선횟집 입니다. 사시사철 우리 생선을 우리의 방식의 회로 즐기실 수 있습니다.,제철회 모둠 1인:39000,여의도에 새로 오픈한 조선횟집,서울특별시 영등포구 국제금융로2길 25,조선횟집 여의도지점
연중무휴,영업시간:주중 10:00 ~ 20:30,"냉면은 명태식해 ,오이, 배가 올려진 면에 원하는 만큼의 육수를 넣고 백김치, 무절임과 쌈싸먹는 수육이 냉면과 잘 어울리는 회냉면과 수육이 인기있는 냉면 전문점입니다. ","냉면:7000,막국수:7000,돼지수육:18000",회냉면과 수육이 인기있는 냉면전문점 ,강원도 속초시 조양동 1490-235,한양면옥  
연중무휴,영업시간:매일 11:00 ~ 20:30,"살얼음 동동 물냉면, 매콤 새콤 달콤 비빔냉면, 쫄깃 환상의 맛 회냉면, 100프로 손으로 만든 수제왕만두가 인기인 영월의 냉면전문점입니다.","물냉면/비빔냉면:7000,설원왕만두:6000,한접시보쌈:18000,보쌈(中):30000,회냉면:8000",담백한 칡냉면이 대표인 한식당,강원도 영월군 영월읍 영흥리 901-47,설원칡냉면
,영업시간:주중 12:00 ~ 22:00,장미꽃처럼 돌돌 말린 채로 내오는 특허 출원한 보쌈김치를 곁들여 먹는 야들야들한 식감의 보쌈과 족발이 이 집의 대표 메뉴이지요. ,"보쌈:25000,왕족발 :25000",족발 보쌈 전문점 ,서울특별시 영등포구 양평로17길 12-2,이필당 왕족발보쌈 본점
"연휴-설날 전일,연휴-추석 익일,연휴-설날 대체공휴일,연휴-설날 전체,연휴-추석 당일,연휴-설날 익일,연휴-추석 전일,연휴-설날 당일,연휴-추석 대체공휴일,연휴-추석 전체",영업시간:매일 11:30 ~ 22:00,"경복궁 한정식은 삿뽀로, 더고구려 등 레스토랑을 운영하는 엔타스라는 기업이 운영하는 곳이다. 한우 고기를 한정식 코스와 함께 즐길 수 있으며 흑임자 죽, 활어회, 육회, 월남쌈, 냉채 등이 고기를 먹기 전에 제공된다. 고기를 굽는 불판은 일회용으로 다시 쓰지 않는 점이 특이하다. ","생갈비코스:56000,양념갈비코스:50000,한우꽃등심코스:83000",한우 고기 한정식 코스,서울특별시 서초구 서초중앙로 195,경복궁 서초점
정기휴무-매주(월),"영업시간:일,화,수,목,금,토 11:00 ~ 21:30",40년 역사의 전주 고궁에서 새로 오픈한 현대적인 비빔밥 전문점. 고궁과는 달리 비밤빕이 미리 비벼져 나오는 것이 특징이다.,"런치:18000,담정식:39000,한상차림:24000,연회정식:29000",현대적인 비빔밥 전문점,전라북도 전주시 완산구 유연로 170,고궁담
연중무휴,영업시간:주중 08:00 ~ 21:00,"제주 맛의 세 가지 보물. 뚝배기, 자리물회, 옥돔구이 전문점이라 하여 '삼보(參寶)식당'이라고 이름 붙였다고 하네요. 인기메뉴인 뚝배기는 오분자기와 해물은 물론, 성게알까지 듬뿍 넣어 끓입니다","전복뚝배기:14000,특전복뚝배기:20000,옥돔구이:35000",제주맛의 세가지 보물을 맛보다,제주특별자치도 서귀포시 중정로 25,삼보식당
연중무휴,영업시간:주중 11:30 ~ 20:30,"50년 전통의 정통 한정식 전문점 대림정 입니다. 현대적이면서도 한정식 분위기를 물씬 느낄 수 있는 안락한 인테리어를 가지고 있어 한식 고유의 맛을 푸짐하게 먹을 수 있습니다. 8인부터 200석 까지 다양한 크기와 형태의 룸을 갖추고 있어 비지니스 모임, 소규모모임부터 회의, 회갑연, 돌잔치, 피료연 등의 대규모 회식까지 가능합니다. 오후 2시까지는 한정식 메뉴를 좀 더 저렴하게 먹을 수 있는 점심메뉴가 준비되어 있으며 오후 2시부터 오후 5시30분까지는 준비시간입니다.","수라상1인:45000,만수무강상:40000,수복상:35000,수정상:30000",50년 전통 한정식 전문점,서울특별시 중구 퇴계로 205,대림정
연중무휴,영업시간:주중 11:30 ~ 20:30,임금님수라상정식이 푸짐하고 맛있는 한정식집입니다. 예약은 6인이상 가능합니다.,"대표임금님 수라상 대인:12000,대표반반떡갈비수라상:16000,임금님 수라상 소인:7000",임금님수라상 한정식집,광주광역시 광산구 왕버들로 113-2,행복한임금님 수완점
연중무휴,영업시간:주중 11:30 ~ 22:00,맛있는 양념갈비와 생갈비를 맛볼수 있는 고급 한식당입니다.,"생갈비:34000,양념갈비:29000,물냉면:7000,생갈비코스:56000,상견례한정식코스:55000,양념갈비코스:50000,점심특선한정식:22000",맛있는 양념갈비를 맛볼수있는 한식당,충청북도 청주시 흥덕구 2순환로 1250,경복궁 청주점
"연휴-설날 전일,연휴-추석 익일,연휴-설날 대체공휴일,연휴-설날 전체,연휴-추석 당일,연휴-설날 익일,연휴-추석 전일,연휴-설날 당일,연휴-추석 대체공휴일,연휴-추석 전체",영업시간:매일 11:30 ~ 22:30,특제 양념으로 구운 오리불고기로 유명한 오리 요리 전문점입니다.,"소양념갈비:16000,소양념갈비살:16000,돼지갈비:10000,오리불고기:39000,생오리소금구이:38000,오리탕:38000,장어:30000",오리불고기로 유명한 오리 요리 전문점,울산광역시 중구 성안동 374-1,솔밭가든
,영업시간:매일 11:30 ~ 22:00,연산동에서 매콤한 음식이 땡길 때 가장 먼저 생각나는 곳입니다. 감칠맛이 살아있는 이곳만의 매콤한 양념이 특히 사랑 받는 비결입니다. 상호처럼 신선한 재료만 사용하는 착한 식당으로 훌륭한 낙지볶음을 맛볼 수 있습니다.,"낙지볶음:9500,낙지해물파전:15000,연포탕:35000,전복죽:10000,새우만두:5000,김치왕만두:6000",맛있게 매운 낙지볶음 전문점,부산광역시 연제구 반송로 43,착한낙지 부산연제점
,영업시간:주중 11:30 ~ 22:00,"이천 쌀로 지은 밥에 간장게장, 생선구이, 잡채, 전, 쌈 채소 등 스무 가지 정도의 반찬이 무제한으로 제공되는 '한정식' 메뉴가 인기. 예약은 5명이상부터 가능합니다.",한정식:15000,이천 쌀밥을 맛볼수있는 한식당,서울특별시 서초구 강남대로 213,산들해 양재동점
연중무휴,영업시간:주중 11:30 ~ 20:30,"함백산 돌솥밥은 돌솥 뚜껑을 열면 곤드레 향이 가득한 곤드레 돌솥밥 정식으로 유명한 한식당으로 정선군 고한읍 고한리에 있다. 푸르스름한 곤드레나물과 하얀 김 나는 돌솥밥에 양념간장을 넣고 비벼 정성에서 채취한 산나물 반찬을 곁들여 식사할 수 있다. 저녁 시간이면 손님이 많은 편이므로 조금 일찍 찾는 것이 좋다. 산채비빔밥, 골뱅이무침, 버섯 전골, 삼계탕 등 다양한 메뉴를 제공하고 있다.","함백산돌솥밥:10000,곤드레밥:6000,산채비빔밥:7000,버섯전골:30000,골뱅이무침:12000",곤드레 향 가득한 곤드레돌솥밥,강원도 정선군 고한읍 함백산로 1675,함백산돌솥밥
연중무휴,영업시간:주중 11:00 ~ 23:00,,"보쌈정식:7000,쟁반 막국수:10000,김치보쌈:23000",김치보쌈과 쟁반막국수가 인기인 한식당,강원도 원주시 로아노크로 8,원주보쌈왕족발
연중무휴,영업시간:주중 11:00 ~ 00:00,"동대문에서 맵기로 유명한 동대문엽기떡볶이의 신천점 입니다. 1인분이 아닌 3~4인분의 떡볶이로 입안이 화끈하고 얼얼하지만 맛있게 매운 떡볶이를 맛보실 수 있습니다. 대표메뉴로는 엽기떡볶이, 엽기오뎅이 있으며 기본적으로 치즈, 소세지,당면 등이 들어있습니다. 야끼만두,계란 등은 추가 하실 수 있으며 떡볶이를 시키시면 매운맛을 달래줄 쿨피스를 서비스로 드립니다.","엽기떡볶이엽기오뎅:14000,엽기세트A:17000,엽기세트B:19000,참숯뼈없는닭발:15000,엽기닭도리:24000","화끈하게 매운 엽기떡볶이,엽기오뎅",서울특별시 송파구 백제고분로 7길 28-5,동대문엽기떡볶이(신천점)
연중무휴,영업시간:주중 12:00 ~ 22:00,"싱싱한 자연산 통생선회 전문점입니다. 조명이 화려한 곳으로 일본풍 다다미방으로 꾸몄는데요. 쫀득한 생선회와 함께 해산물, 초밥, 생선구이, 튀김 등 일식 요리가 푸짐하게 나오는 정식이 대표메뉴이지요. ",코스류:40000,자연산 통생선회 전문점,경상남도 거제시 고현동 972-10,대호일식
연중무휴,영업시간:주중 11:30 ~ 22:00,"매우 고급스러운 분위기의 일식집. 회의 신선도도 좋고 맛도 좋아서 사람들이 많이 찾는다. 음식의 데코와 색, 차림도 감각적이고 고급스럽다. 상견례냐 중요한 손님을 접대하는 자리에 좋은 곳이다. ","사모님 정식:20000,런치정식:22000,참치 런치정식:35000",고급 일식 레스토랑,대전광역시 서구 만년동 282 해가든센트럴파크 2층,삿뽀로 대전점
,영업시간:주중 11:30 ~ 22:00,"쾌적하고 고급스러운 실내인데요. 가족모임이나 단체모임이 가능한 넓은 실내지요. 대표메뉴로 한우코스요리를 비롯하여 한우특선, 양념갈비, 런치메뉴가 준비되어 있습니다. ","생갈비코스:56000,보리굴비 정식:25000,양념갈비세트:37000,생갈비코스:56000,보리굴비 정식:25000,양념갈비세트:37000",한국식 숯불갈비 코스요리 전문점,경기도 고양시 일산동구 백석동 1332-3,경복궁 (백석점) 
비정기휴무,영업시간:매일 10:00 ~ :,"남진야시장에 열리는 자유시장 사거리 모퉁이에 위치한 '도깨비자유만두'. 얇은 피에 동그랗게 빚어진 속이 꽉 찬 만두를 맛볼 수 있는 곳입니다. 고기만두와 고추만두 두 가지로 가득 찬 고기와 부추, 당면의 고기만두와 김치와 고추가 들어있어 알싸하게 매운 고추만두 모두 인기입니다. 찐빵도 함께 판매하며 만두 소진 시 마감하니 참고 바랍니다.","고기만두 8개:3000,고추만두 8개:4000,찐빵 3개:2000",얇은피로 만들어진 동그란 시장만두,전라남도 목포시 자유로 122 자유시장,도깨비자유만두
연중무휴,영업시간:주중 11:00 ~ 23:00/영업시간:주말 11:00 ~ 23:00,"압구정동에서 오랫동안 자리를 지켜온 일식집입니다. 모둠회와 초밥, 장어, 튀김과 알밥까지 다양한 맛을 즐기려면 코스 요리를 선택하는 것이 좋다고 합니다. 압구정동 외에 사당동 등에 분점이 있습니다.","사시미:110000,저녁 정식B:48000,점심 정식 B:33000",신선한 모둠회가 인기,서울특별시 강남구 언주로 857,이즈미 압구정점
연중무휴,영업시간:주중 11:30 ~ 22:00,"맛깔스런 한정식 대표메뉴인 한식 프랜차이즈의 산들해 1호점입니다. 보쌈, 생선구이, 간장게장 등 20여가지 밑반찬이 한상으로 차려지는 한정식 메뉴가 인기입니다. 예약은 5명이상부터, 룸은 10명이상부터 이용가능합니다. ","한정식:15000,황태구이:12000,돌솥 돼지불고기:15000,돌솥 소불고기:20000",맛깔스런 한정식 메뉴인 한식프랜차이즈,서울특별시 송파구 위례성대로 6,산들해
,영업시간:매일 10:00 ~ 00:00,"2개 층을 사용하는 넓은 곳으로 방으로 되어 있어 편안하게 앉아 식사를 할 수 있습니다. 10여가지 종류의 조개와 야채로만 맛을 낸 조개찜이 대표메뉴입니다. 조개국물에 칼국수, 손만두, 손수제비 등의 사리를 추가할 수 있습니다.","조개찜:38000,조개구이:40000",담백하고 시원한 맛의 조개찜 전문점,경상남도 거제시 중곡로1길 35,1박2일조개찜해산물 거제본점
"연휴-설날 전일,연휴-추석 익일,연휴-설날 대체공휴일,연휴-설날 전체,연휴-추석 당일,연휴-설날 익일,연휴-추석 전일,연휴-설날 당일,연휴-추석 대체공휴일,연휴-추석 전체",영업시간:주중 11:03 ~ 02:10,"서울, 군산, 순창 등지에 분점이 운영되고 있는 한식당 번지농장의 본점입니다.","아구찜(2인):30000,아구찜(소):45000,아구찜(대):55000",재배한 야채를넣은 아구찜이 인기인식당,전라북도 완주군 화산면 화산남로 218-83,번지농장돌판아구찜본점
연중무휴,영업시간:매일 11:30 ~ 00:00,"돼지고기로 뽀얗게 우려낸 육수에 편육과 김, 부추 등의 고명을 얹어내는 제주도의 향토 요리 '고기국수'가 이 집의 인기 메뉴인데요, 이 외에도 멸치국수, 비빔국수, 콩국수, 물만두, 돔베고기 등의 메뉴를 갖추고 있습니다. ","고기국수:6500,비빔국수:5500,콩국수:7000,멸치국수:5500,멸고국수:6500",고기국수가 인기인 국수전문점,제주특별자치도 제주시 연동 293-58,국수만찬
연중무휴,영업시간:매일 11:00 ~ 00:00,"홀에서 조리하는 모습을 전부 볼 수 있도록 주방이 개방형으로 만들어져 있는 곳이지요. 샌드위치와 화덕 피자, 스파게티 등 다양한 메뉴가 두루 인기입니다. ","마레 파스타:17500,까르보나라:15500,마르게리타:16500",오픈키친 이탈리안 레스토랑,전라북도 군산시 한밭로 76-11,파라디소 페르두또
연중무휴,영업시간:주중 10:00 ~ 22:00,누룽지 죽이 곁들여지는 백숙을 맛 볼 수 있습니다. ,"누룽지 오리백숙:40000,누룽지 닭백숙:33000",백숙 메뉴가 인기인 한식당,충청남도 보령시 명천동 41-15,대명정
,영업시간:주중 11:30 ~ 22:30,실내는 예식장 느낌으로 대리석으로 마감되어 고급스러운 분위기이다. 하지만 소갈비가 수입산이라 가격대비 비싸다는 평이 많다. 금요일 점심예약은 받지않습니다.,"갈비살양념구이:18000,갈비살소금구이:19000,진갈비살:21000",대규모의 소갈비 전문점,부산광역시 부산진구 부암동 123-6,외식일번가(부산본점)
연중무휴,영업시간:매일 10:00 ~ 23:00,"푸짐한 양의 해산물과 회를 즐길 수 있습니다. 자연산 활어회를 전문으로 하고, 생선구이, 해삼, 낙지, 조개, 게, 튀김 등의 곁들이 음식들이 푸짐하게 나옵니다. 2층에 위치해 경관이 아주 좋습니다.","농어회:100000,도시락류:8000,광어, 우럭 각 중:70000,대:90000,덜렁이네스페셜:130000",푸짐한 밑반찬이 나오는 횟집,인천광역시 중구 월미문화로 95,덜렁이네횟집
"연휴-설날 전체,연휴-추석 당일,연휴-설날 익일,정기휴무-매주(토,일),연휴-추석 전일,연휴-설날 당일,연휴-추석 대체공휴일,연휴-추석 전체,연휴-설날 전일,연휴-추석 익일,연휴-설날 대체공휴일",영업시간:주중 11:00 ~ 20:30,"20년동안 한결같은 맛으로 제주도민들에게 사랑받아온 맛집입니다. 매콤한 낙지볶음과 구수한 청국장을 함께 즐기는 것으로 유명한데요,  매콤한 소스와 소면으로 잘 버무려진 낙지와 식당 전체에 퍼진 냄새의 주인공인 구수한 청국장은 밥 한그릇을 금세 비우게 하지요. ","낙지볶음 소:12000,중:15000,대:20000,청국장:4000",매콤한 낙지볶음과 구수한 청국장,제주특별자치도 제주시 연동 292-36,시골길
,영업시간:매일 07:00 ~ 21:00,익산 남부시장 안에 위치한 '시장통닭'. 냉장 상태에 있던 신선한 닭고기를 깨를 섞어 넣은 반죽에 버무려 바삭하게 튀겨내는 통닭이 이 집의 유일한 메뉴다. 치킨무도 직접 만든 것이라 상큼하면서 아삭하다. 포장만 가능하며 전화 주문 후 방문하면 바로 치킨을 받을 수 있다.,치킨:17000,깨를넣은 반죽에 바삭하게 튀겨낸 치킨,전라북도 익산시 평동로11길 12,시장통닭
"연휴-설날 전일,연휴-추석 익일,연휴-설날 대체공휴일,연휴-설날 전체,연휴-추석 당일,연휴-설날 익일,연휴-추석 전일,연휴-설날 당일,연휴-추석 대체공휴일,연휴-추석 전체",영업시간:매일 12:00 ~ 02:00,해산물이 끝도 없이 나오는 푸짐한 코스요리로 사랑받고 있는 부산 수영구의 일식당입니다.,"A코스:30000,B코스:20000,메로구이:20000,회비빔밥:10000",푸짐한 코스요리를 맛볼수 있는 일식당,부산광역시 수영구 수영로680번길 12,청해일식
"연휴-설날 전일,연휴-추석 익일,연휴-설날 대체공휴일,연휴-설날 전체,연휴-추석 당일,연휴-설날 익일,연휴-추석 전일,연휴-설날 당일,연휴-추석 대체공휴일,연휴-추석 전체",영업시간:주중 11:00 ~ 22:00,"정육식당으로 1층에는 정육점이 2층에는 고기를 구워먹을 수 있는 식당이 있습니다. 메뉴로 모듬구이와 생갈비 양념갈비, 버섯전골, 황제탕, 갈비탕, 된장찌개 등이 있지요. 매장은 200석 이상의 규모로 놀이방 등이 갖추어져 있습니다. ","모듬구이 700g:70000,양념갈비 170g:22000,생갈비 350g:27000,육사시미:22000,버섯전골:24000",흑 한우와 흑 돼지구이 전문점,제주특별자치도 서귀포시 일주동로 8421,서귀포시축협 흑한우명품관 
연중무휴,영업시간:주중 00:00 ~ 00:00,"안양에 위치한 올갱이 해장국 맛집으로 대표메뉴인 올갱이 해장국 맛집으로  올갱이와 부추 아욱이 듬뿍 들어간 구수하고 개운한 맛이 일품인 올갱이 해장국과  감칠맛 나는 양념에 푸짐하게 들어간 올갱이에 소면을 곁들이는 올갱이 무침, 바삭함이 일품인 올갱이 전이 대표메뉴이다. ","올갱이 해장국:8000,올갱이 부추전:8000,올갱이 무침:25000",올갱이가 듬뿍 들어간 해장국 맛집 ,경기도 안양시 동안구 관악대로342번길 11,금강올갱이해장국
연중무휴,영업시간:주중 10:00 ~ 01:00,"다양한 TV맛집프로에 소개된 바 있으며, 식당에서 먹지 않고 포장해갈 수도 있는데요. 국내산 생족발을 한약재를 넣고 삶아낸 왕족발이 유일한 메뉴인데","족발:25000,냉채족발:30000,쟁반국수:10000",서남 시장에 위치한 족발 전문점,대구광역시 달서구 달구벌대로329길 28,서남시장 김주연왕족발 
연중무휴,영업시간:주중 12:00 ~ 22:00,나연정 한정식이 인기인 전라도 광양에 위치한 한정식 전문 입니다. ,나연정 한정식:20000,전라도 광양에 위치한 한정식 전문점,전라남도 광양시 행정길 3,도솔정
연중무휴,영업시간:주중 11:00 ~ 22:00,"간장게장, 양념게장 무한리필 전문점. 쿨의 김성수가 운영하는 곳입니다. 메뉴로는 양념게장, 간장게장, 간장새우 등이 나오는 해꽃큰상이 대표메뉴이며 간장게장정식 등 평일 점심메뉴가 있습니다. 세트는 2인 이상, 무한리필은 인당 주문해야합니다. 매장은 매우 넓으며 우드를 사용한 모던한 인테리어. 테이블석과 좌석이 나뉘어져 있습니다.   ","무한리필:25000,정식:17000,무한리필:17900,정식:15000","간장게장, 양념게장 무한리필",경기도 용인시 수지구 용구대로 2737-8,해변의꽃게
"정기휴무-매월 넷째주(화),정기휴무-매월 둘째주(화)",영업시간:주중 10:30 ~ 21:00,대구머리찜 메뉴만 전문적으로 내놓고 있지요. 붉게 양념된 대구살과 콩나물을 섞어 먹으면 맛이 좋은 얼큰한 대구머리찜으로 유명한 한식당입니다.  ,"대구머리찜(소):20000,대구머리찜(특대):35000",얼큰한 대구머리찜으로 유명한 한식당 ,강원도 강릉시 성산면 구산리 365-2,옛카나리아  
"연휴-설날 전일,연휴-추석 익일,연휴-설날 대체공휴일,연휴-설날 전체,연휴-추석 당일,연휴-설날 익일,연휴-추석 전일,연휴-설날 당일,연휴-추석 대체공휴일,연휴-추석 전체",영업시간:매일 11:30 ~ 22:00/휴식:매일 15:00 ~ 17:00,"한정식을 중심으로 일품요리와 구이를 선보이는 한정식집입니다.  크고 작은 각종 모임과 돌잔치 및 회갑잔치, 상견례등 가족 연회장소로 널리 알려져 있는 곳입니다. 한정식의 전문가들이 모여 탄생시킨 매장으로 음식구성 및 품질이 뛰어나며 궁중잡채, 메밀냉채, 탕평채, 모듬활어회 등의 고급스러운 음식들을 선보입니다.","진연코스:49000,진풍정A:68000,진찬코스:38000,진풍정B:55000,어상B코스:80000",품격있는 고급 한정식 맛집 ,서울특별시 강남구 테헤란로52길 15,진풍정 강남점
"연휴-설날 당일,연휴-설날 전일,연휴-추석 당일,연휴-추석 전일",영업시간:주중 11:30 ~ 22:00,"시간대별로 다양한 가격의 정식 메뉴가 준비되어 있는 일식당입니다. 정식 메뉴에는 생선회나 해산물회, 초밥 외에도 아기자기하게 세팅된 다양한 요리가 기본으로 제공됩니다. 젠 스타일로 꾸민 별실을 여러 개 갖추고 있어 인근에서 가족 모임이나 손님 접대를 위해 즐겨 찾습니다.","런치정식:21000,주말정식:30000,디너정식:42000",모임이나 접대를 위해 즐겨찾는 일식당,서울특별시 송파구 오금로11길 7,삿뽀로 방이점
,,,,,경상북도 경주시 내서로 418-1,아화분식
,,,,,강원도 홍천군 서석면 풍암장터2길 49-4,맛고을
,,,,,전라남도 보성군 노동면 평동로 927,강변식당
,,,,,전라남도 신안군 압해읍 압해로 889,처갓집양념치킨 압해도점
,,,,,경상북도 경산시 진량읍 봉황길 10,오감토스트
,,,,,광주광역시 북구 동림동,초가왕족발보쌈
,,,,,경상북도 청송군 현서면 구산북로 89,가마솥소머리곰탕
,,,,,경상북도 경산시 진량읍 봉황길 68,점태네 닭발
,,,,,경상남도 창원시 의창구 원이대로55번길 29,코리안바베큐 도계점
,,,,,대전광역시 대덕구 중리남로 9,명성생오리
,,,,,대전광역시 대덕구 계족산로17번길 93,나라네한우국밥
,,,,,충청남도 공주시 유구읍 산이골길 14-1,산이골가든
,,,,,대전광역시 동구 동서대로1695번길 30,탐앤탐스 대전복합터미널점
,,,,,강원도 횡성군 횡성읍 횡성로 337,횡성축협 한우프라자본점
,,,,,경상남도 창원시 성산구 반송로50번길 15,옛날돼지국밥
,,,,,경기도 오산시 궐리사로 8,봉이치킨궐동점
,,,,,경상남도 창원시 의창구 창원대로 415,스무디킹 창원홈플러스점
,,,,,경상남도 창원시 진해구 충장로 66,샐프레소
,,,,,충청남도 공주시 반포면 반포초교길 99,영암카페
,,,,,경상남도 창원시 마산회원구 구암남10길 5,진해왕족발
,,,,,강원도 강릉시 교동,진가족발
,,,,,전라남도 광양시 발섬1길 7-17,산고등어횟집
,,,,,경기도 파주시 가람로21번길 7-33,소하리두루치기
,,,,,경상남도 창원시 의창구 의안로32번길 11,대암면식가
,,,,,대전광역시 대덕구 계족로690번길 21,처갓집양념치킨 송촌1점
,,,,,전라남도 해남군 해남읍 읍내리 23-6,날라리뮤직홀
,,,,,경상남도 창원시 마산회원구 합성1동,장충동왕족발
,,,,,전라남도 여수시 웅천동,장충동왕족발
,,,,,대전광역시 대덕구 계족로663번길 30,김밥이야기
,,,,,대전광역시 대덕구 송촌북로32번길 20,금강나루
,,,,,경상북도 영천시 신녕면 본관시장길 3,삼포추어탕
,,,,,경상남도 통영시 산양읍 산양일주로 1674,민속보리밥집
,,,,,전라남도 영암군 영암읍 천황사로 280-28,산장식당
,,,,,대전광역시 대덕구 계족로740번길 23-13,일억조회관
,,,,,대전광역시 대덕구 중리남로8번길 77,서울뚝배기
,,,,,대전광역시 대덕구 우암로 452,춘천고려닭갈비식당
,,,,,전라북도 부안군 위도면 깊은금안길 2-4,그곳에가면
,,,,,경기도 안성시 시장길 73,신흥정육점식당
,,,,,경상남도 창원시 성산구 성산패총로178번길 51,에덴식당
,,,,,경상남도 창원시 마산회원구 송평로 170,거창가든
,,,,,경기도 부천시 부일로 223,워터플라워부천지점
,,,,,경상북도 예천군 풍양면 낙상2길 32-1,정다방(풍양)
,,,,,울산광역시 동구 화정동,신사동왕족발
,,,,,강원도 횡성군 우천면 경강로용둔1길 131,삼오정
,,,,,경기도 파주시 적성면 청송로 1027-30,수리야
,,,,,전라남도 순천시 외서면 쌍향수길 454,외서간이음식점
,,,,,전라남도 여수시 봉계동,장충동왕족발비엔에프
,,,,,광주광역시 광산구 송정1동,키스다방
,,,,,광주광역시 광산구 선암동,맛있는황제쟁반짜장
,,,,,경상북도 경산시 자인면 자인로 191-1,쌩뚱맛소식육식당
,,,,,경기도 용인시 기흥구 죽전로 47,고봉민김밥인 죽전보정점
,,,,,인천광역시 부평구 부평문화로66번길 7,타니아 부평점
,,,,,경상남도 함안군 대산면 대산중앙로 7,길마정식당
,,,,,제주특별자치도 서귀포시 중문상로 45,다미야중문점
,,,,,경상북도 경산시 진량읍 해든길1길 9,빡까닭
,,,,,충청남도 보령시 목장3길 32,소풍노래클럽
,,,,,대구광역시 서구 비산7동,비비큐치킨
,,,,,경기도 용인시 기흥구 보정동,중국성
,,,,,경상북도 경산시 진량읍 공단1로 9,어탕국수 본점
,,,,,광주광역시 광산구 석문길 17,들꽃산장
,,,,,경상북도 경산시 진량읍 봉황길 18,고마담치킨진량점
,,,,,경상북도 경산시 진량읍 해든길1길 5,촌놈커피
,,,,,전라남도 완도군 완도읍 해변공원로 39-1,신바람가요방
,,,,,전라남도 순천시 주암면 동주로 2038,김밥마을치킨통닭
,,,,,경상남도 창원시 의창구 원이대로579번길 6,부산진오뎅
,,,,,경상북도 경산시 진량읍 공단로 468,롯데리아경산진량점
,,,,,경상북도 경산시 자인면 서부리 254-3,북삼식육식당
,,,,,대전광역시 대덕구 아리랑로 211,숯검댕이식당
,,,,,부산광역시 부산진구 가야대로679번길 155,숯돼지
,,,,,전라남도 목포시 연산동,미성야식
,,,,,경상남도 김해시 대청동,황금성
,,,,,경상남도 창원시 진해구 석동로59번길 6-7,산미아구오리
,,,,,경상남도 창원시 의창구 의창대로132번길 25,비에이치씨(BHC)치킨팔용점
,,,,,경기도 광명시 오리로619번길 13,시네빈스
,,,,,경상북도 경산시 자인면 자인시장길 6,삼정콩국수
,,,,,경기도 용인시 처인구 중부대로1353번길 10-8,순살파닭 명지대점
,,,,,제주특별자치도 서귀포시 안덕면 한창로 340,헬로키티카페 제주 아일랜드점
,,,,,울산광역시 북구 명촌8길 6,야시노래타운
,,,,,전라남도 여수시 예울마루로 35-14,비턴여수웅천점
,,,,,경기도 부천시 신흥로 190-1,엘 브레드
,,,,,경상북도 상주시 사벌면 덕담1길 84-1,상주골
,,,,,전라북도 고창군 흥덕면 서이길 6,맥시칸치킨 흥덕점
,,,,,경상남도 창원시 의창구 의창대로62번길 5-8,풀코스술마시는노래방
,,,,,경상북도 경산시 자인면 단북리 63,다빈치커피 대경대학점
,,,,,경상북도 경산시 압량면 압독2로2길 31,세빠프레소
,,,,,강원도 원주시 소초면 치악로 2985,송어무한리필
,,,,,대전광역시 대덕구 덕암로195번길 8,미가불고기
,,,,,경상남도 김해시 진영읍 김해대로407번길 5,장충동왕족발
,,,,,경상남도 창원시 의창구 명서동,장충동왕족발
,,,,,경상남도 창원시 의창구 봉곡동,장충동왕족발
,,,,,경상남도 창원시 진해구 중원동로 83,쌀통닭 진해충무점
,,,,,경상남도 창원시 의창구 용지로153번길 14,산청흑돼지
,,,,,경상북도 경산시 압량면 건흥길 12-4,연지매운탕
,,,,,경상남도 창원시 성산구 사파동,쌀통닭신월점
,,,,,경상남도 창원시 성산구 중앙동,쌀통닭신월점
,,,,,경상남도 창원시 의창구 용호동,쌀통닭신월점
,,,,,경상북도 경산시 진량읍 공단1로 51,카페리코 진량점
,,,,,경상남도 창원시 의창구 용지로153번길 12,인디치킨포차
,,,,,경상북도 경산시 진량읍 공단2로3길 6,영구반점
,,,,,경상북도 경산시 진량읍 공단1로 24,보길도낙지
,,,,,서울특별시 노원구 상계동 332-8,호호포차
,,,,,부산광역시 중구 비프광장로 31,18번완당집
,,,,,부산광역시 중구 광복로12번길 3,멕코이치킨
,,,,,부산광역시 중구 부평2길 29,새부평식당 
,,,,,부산광역시 중구 부평동1가 35-9,박대포 소금구이
,,,,,부산광역시 중구 광복로16번길 11,봉짱
,,,,,부산광역시 부산진구 서면문화로 48-1,춘하추동밀면 서면본점
,,,,,서울특별시 용산구 이태원로 247,분짜라붐 이태원점
,,,,,부산광역시 부산진구 가야대로 772,옵스 롯데백화점부산본점
,,,,,부산광역시 동래구 충렬대로179번길 5,고택
,,,,,서울특별시 양천구 목동서로 155,오목집 목동 본점
,,,,,경상북도 경산시 남매로 239,교동면옥 경산점
,,,,,경기도 고양시 일산동구 고봉로 20-21,김종한의 족발시대
,,,,,대구광역시 달서구 달구벌대로344길 11,박대포 소금구이 두류동
,,,,,대구광역시 중구 달성로22길 86,태능집
,,,,,서울특별시 강남구 언주로172길 54,뱃고동
,,,,,서울특별시 종로구 새문안로5길 31,루뽀
,,,,,서울특별시 중구 을지로20길 24,산수갑산
,,,,,서울특별시 서대문구 이화여대7길  48 경국빌딩,비밀(be meal)
,,,,,광주광역시 북구 대자로 62,박소영왕만두
,,,,,서울특별시 서대문구 이화여대7길  48 경국빌딩,비밀(be meal)
,,,,,서울특별시 마포구 토정로 27-1,문라이즈
,,,,,서울특별시 마포구 성미산로 153-13,빵어니스타
,,,,,서울특별시 마포구 와우산로 157,수카라
,,,,,인천광역시 서구 봉수대로 1615,궁안뜰꿩만두
,,,,,서울특별시 마포구 동교로29길 68,딩가케이크
,,,,,대구광역시 중구 달구벌대로447길 64,엘아이티
,,,,,경상북도 경산시 강변동로 290,CW레스토랑
,,,,,부산광역시 동구 중앙대로180번길 6-11,황산밀면
,,,,,서울특별시 강남구 광평로51길 8,203 갈비해물집
,,,,,경기도 고양시 일산서구 탄중로221번길 1,이학
,,,,,서울특별시 마포구 잔다리로 123,진진
,,,,,서울특별시 마포구 독막로19길 42,보물섬식당
,,,,,서울특별시 마포구 독막로6길 15,카페쇼파르
,,,,,서울특별시 마포구 와우산로13길 49-11,하라빼꼬홍대본점
,,,,,서울특별시 마포구 독막로 96,스시가마시
,,,,,광주광역시 북구 무등로 144,옥천면옥본점
,,,,,경기도 하남시 미사강변북로30번길 63,플랩잭 팬트리
,,,,,서울특별시 마포구 포은로8길 5,미자카야
,,,,,서울특별시 중구 마른내로 74,황평집
,,,,,경상북도 경산시 대학로 327,파스쿠찌 영남대점
,,,,,경기도 하남시 미사강변북로30번길 63,플랩잭 팬트리
,,,,,제주특별자치도 서귀포시 일주서로 682,돈가마을
,,,,,경기도 성남시 중원구 도촌로7번길 3-7,팔진
,,,,,서울특별시 동대문구 장한로 194,양지함박왕돈까스 기사님식당
,,,,,경기도 성남시 분당구 판교동 511-6,한우나리 
,,,,,경기도 성남시 분당구 야탑동 355-2,짱가네
,,,,,광주광역시 북구 북문대로33번길 14,cafe 다온
,,,,,부산광역시 해운대구 우동 622-1,해운대바다마을갈매기23호
,,,,,강원도 속초시 엑스포로 12-36,청초수물회
,,,,,대전광역시 유성구 도안대로567번길 3,백마강
,,,,,서울특별시 송파구 올림픽로 300,홍대돈부리 롯데월드몰점
,,,,,경기도 성남시 중원구 도촌북로 78,엉클파닭 도촌점
,,,,,서울특별시 동작구 흑석로11길 4 목욕탕,엉터리생고기 중앙대점
,,,,,서울특별시 송파구 오금로16길 5,미엔아이
,,,,,서울특별시 송파구 백제고분로21길 20,호이안박스
,,,,,서울특별시 성북구 인촌로1길 87,더홈서울
,,,,,서울특별시 관악구 관악로14길 98,에그썸 (EGG THUMB)
,,,,,서울특별시 종로구 자하문로7길 50,통인스윗
,,,,,서울특별시 종로구 자하문로9길 11,포담
,,,,,경기도 남양주시 와부읍 석실로138번길 21-49,끼리한우정육식당
,,,,,충청북도 음성군 중앙로 137,금수강산
,,,,,서울특별시 서초구 방배로28길 16,묘오또
,,,,,대전광역시 중구 대종로505번길 29,광천식당
,,,,,서울특별시 용산구 한강대로 200-1,카데뜨
,,,,,서울특별시 중구 명동10길 29,명동교자본점
,,,,,서울특별시 동작구 흑석로 112,장독대
,,,,,전라남도 함평군 함평읍 함평천우길 52,키친205카페
,,,,,부산광역시 금정구 부산대학로 29 네오스퀘어  2층,하나이미
,,,,,부산광역시 동래구 온천천로431번길 4-1,먹음직 온천천점
,,,,,대구광역시 중구 중앙대로77길 26-2,종로초밥(대구점)
,,,,,울산광역시 남구 삼산중로 42,모던나인
,,,,,서울특별시 용산구 두텁바위로 10,구복만두
,,,,,울산광역시 남구 삼산로 231,팬아시아 울산삼산점
,,,,,울산광역시 울주군 서생면 대송리 386,하와이새우트럭 간절곶본점
,,,,,울산광역시 동구 등대로 99,하와이새우트럭 대왕암공원점
,,,,,울산광역시 울주군 청량읍 청량천변로 131,노방촌
,,,,,울산광역시 남구 삼산로155번길 6,초밥집
,,,,,서울특별시 강북구 삼각산로 85 강북문화예술회관,육면당
,,,,,충청남도 아산시 온천대로 1686-11,도뜰정육식당
,,,,,충청남도 아산시 온천대로 1686-11,도뜰정육식당
,,,,,서울특별시 강남구 언주로168길 15,참한
,,,,,서울특별시 강남구 봉은사로5길 10,장남식당
,,,,,부산광역시 부산진구 중앙대로702번길 17-2,화전국수
,,,,,대구광역시 중구 공평로 26-9,딜리저트
,,,,,대구광역시 중구 약령길 59 문도당,메이준
,,,,,대구광역시 동구 동촌로 278,칭구짬뽕
,,,,,서울특별시 서초구 반포대로14길 30,백암왕순대
,,,,,서울특별시 용산구 한강대로48길 17,커피품격
,,,,,충청남도 천안시 동남구 서부대로 515,대게나라 천안점
,,,,,서울특별시 용산구 신흥로20길 45-1,더백푸드트럭
,,,,,서울특별시 마포구 와우산로 66,신주양꼬치
,,,,,부산광역시 기장군 일광면 일광로 354,그릿비 일광
,,,,,부산광역시 부산진구 서전로 61,꾸오이아노
,,,,,부산광역시 부산진구 전포대로209번길 39,키친보이즈
,,,,,부산광역시 부산진구 전포대로 206-2,오월생
,,,,,부산광역시 부산진구 전포대로255번길 11,카페 숨은
,,,,,서울특별시 마포구 양화로18안길 20,청년다방 서울홍대점
,,,,,경기도 포천시 일동면 화동로 1258,명지원 이동갈비
,,,,,서울특별시 용산구 신흥로3길 2,보니스피자펍
